-- phpMyAdmin SQL Dump
-- version 4.4.15.5
-- http://www.phpmyadmin.net
--
-- Host: 127.0.0.1:3306
-- Generation Time: 2017-04-27 14:43:25
-- 服务器版本： 5.6.34-log
-- PHP Version: 5.6.28

SET SQL_MODE = "NO_AUTO_VALUE_ON_ZERO";
SET time_zone = "+00:00";


/*!40101 SET @OLD_CHARACTER_SET_CLIENT=@@CHARACTER_SET_CLIENT */;
/*!40101 SET @OLD_CHARACTER_SET_RESULTS=@@CHARACTER_SET_RESULTS */;
/*!40101 SET @OLD_COLLATION_CONNECTION=@@COLLATION_CONNECTION */;
/*!40101 SET NAMES utf8mb4 */;

--
-- Database: `teahouse`
--

-- --------------------------------------------------------

--
-- 表的结构 `t_account`
--

CREATE TABLE IF NOT EXISTS `t_account` (
  `t_AccountID` int(11) NOT NULL COMMENT '账户表',
  `t_AccountBalance` varchar(45) COLLATE utf8_unicode_ci NOT NULL COMMENT '账户余额\n',
  `t_user_t_userID` int(11) NOT NULL
) ENGINE=InnoDB AUTO_INCREMENT=44 DEFAULT CHARSET=utf8 COLLATE=utf8_unicode_ci;

--
-- 转存表中的数据 `t_account`
--

INSERT INTO `t_account` (`t_AccountID`, `t_AccountBalance`, `t_user_t_userID`) VALUES
(1, '1000.00', 1),
(2, '111111', 2),
(22, '0', 37),
(23, '0', 38),
(24, '0', 43),
(25, '0', 45),
(26, '0', 46),
(27, '0', 48),
(28, '0', 50),
(29, '0', 51),
(30, '0', 52),
(31, '0', 54),
(32, '0', 55),
(33, '0', 56),
(34, '0', 57),
(35, '0', 58),
(36, '0', 59),
(37, '0', 60),
(38, '0', 61),
(39, '0', 62),
(40, '0', 64),
(41, '0', 65),
(42, '0', 66),
(43, '0', 73);

-- --------------------------------------------------------

--
-- 表的结构 `t_address`
--

CREATE TABLE IF NOT EXISTS `t_address` (
  `t_addressID` int(11) NOT NULL,
  `t_addressRecipient` varchar(45) COLLATE utf8_unicode_ci NOT NULL COMMENT '收货人',
  `t_addressPhone` varchar(45) COLLATE utf8_unicode_ci NOT NULL COMMENT '手机号码',
  `t_user_t_userID` int(11) NOT NULL,
  `t_addressIsdefault` tinyint(1) NOT NULL COMMENT '是否为默认\n',
  `t_addressProvince` varchar(45) COLLATE utf8_unicode_ci NOT NULL COMMENT '省',
  `t_addressRegion` varchar(45) COLLATE utf8_unicode_ci NOT NULL COMMENT '区域\n',
  `t_addressDetail` varchar(45) COLLATE utf8_unicode_ci NOT NULL COMMENT '详细地址'
) ENGINE=InnoDB AUTO_INCREMENT=4 DEFAULT CHARSET=utf8 COLLATE=utf8_unicode_ci;

--
-- 转存表中的数据 `t_address`
--

INSERT INTO `t_address` (`t_addressID`, `t_addressRecipient`, `t_addressPhone`, `t_user_t_userID`, `t_addressIsdefault`, `t_addressProvince`, `t_addressRegion`, `t_addressDetail`) VALUES
(1, '余鑫', '18119601479', 1, 1, '江苏省', '苏州市', '仁爱路1号'),
(2, 'q', '18110393253', 2, 1, '安徽省', '合肥市', '六安'),
(3, 'q', '18110393253', 2, 1, '安徽省', '合肥市', '六安');

-- --------------------------------------------------------

--
-- 表的结构 `t_buyordercar`
--

CREATE TABLE IF NOT EXISTS `t_buyordercar` (
  `t_buyordercarID` int(11) NOT NULL,
  `t_buyordercarAmount` varchar(45) COLLATE utf8_unicode_ci NOT NULL COMMENT '数量',
  `t_user_t_userID` int(11) NOT NULL,
  `t_shopthird_t_shopthirdID` int(11) NOT NULL
) ENGINE=InnoDB AUTO_INCREMENT=19 DEFAULT CHARSET=utf8 COLLATE=utf8_unicode_ci;

--
-- 转存表中的数据 `t_buyordercar`
--

INSERT INTO `t_buyordercar` (`t_buyordercarID`, `t_buyordercarAmount`, `t_user_t_userID`, `t_shopthird_t_shopthirdID`) VALUES
(1, '12', 1, 1),
(9, '1', 1, 10),
(10, '2', 1, 9),
(11, '1', 1, 4),
(12, '1', 1, 16),
(13, '4', 1, 13),
(14, '1', 1, 32),
(15, '1', 1, 7),
(16, '3', 1, 23),
(17, '1', 1, 47),
(18, '1', 1, 22);

-- --------------------------------------------------------

--
-- 表的结构 `t_commentimage`
--

CREATE TABLE IF NOT EXISTS `t_commentimage` (
  `t_commentimageID` int(11) NOT NULL,
  `t_commentimageName` varchar(45) COLLATE utf8_unicode_ci NOT NULL COMMENT '支付类型\n',
  `t_usercomment_t_usercommentID` int(11) NOT NULL
) ENGINE=InnoDB AUTO_INCREMENT=5 DEFAULT CHARSET=utf8 COLLATE=utf8_unicode_ci;

--
-- 转存表中的数据 `t_commentimage`
--

INSERT INTO `t_commentimage` (`t_commentimageID`, `t_commentimageName`, `t_usercomment_t_usercommentID`) VALUES
(1, 'xhlj1_comment_01', 1),
(2, 'xhlj1_comment_02', 1),
(3, 'qhxl_comment_03', 10),
(4, 'asamu_comment_04', 13);

-- --------------------------------------------------------

--
-- 表的结构 `t_deliverytype`
--

CREATE TABLE IF NOT EXISTS `t_deliverytype` (
  `t_DeliveryTypeID` int(11) NOT NULL,
  `t_DeliveryTypeName` varchar(45) COLLATE utf8_unicode_ci NOT NULL COMMENT '配送方式名'
) ENGINE=InnoDB AUTO_INCREMENT=2 DEFAULT CHARSET=utf8 COLLATE=utf8_unicode_ci;

--
-- 转存表中的数据 `t_deliverytype`
--

INSERT INTO `t_deliverytype` (`t_DeliveryTypeID`, `t_DeliveryTypeName`) VALUES
(1, '默认配送');

-- --------------------------------------------------------

--
-- 表的结构 `t_detail`
--

CREATE TABLE IF NOT EXISTS `t_detail` (
  `t_detail_ID` int(11) NOT NULL,
  `t_detail_Name` varchar(45) COLLATE utf8_unicode_ci NOT NULL,
  `t_detail_Into` varchar(2000) COLLATE utf8_unicode_ci NOT NULL,
  `t_detail_Image` varchar(45) COLLATE utf8_unicode_ci NOT NULL,
  `t_type_t_TypeID` int(11) NOT NULL
) ENGINE=InnoDB DEFAULT CHARSET=utf8 COLLATE=utf8_unicode_ci;

-- --------------------------------------------------------

--
-- 表的结构 `t_feedbacktype`
--

CREATE TABLE IF NOT EXISTS `t_feedbacktype` (
  `t_feedbackTypeID` int(11) NOT NULL,
  `t_feedbackTypeName` varchar(45) COLLATE utf8_unicode_ci NOT NULL COMMENT '反馈类型名'
) ENGINE=InnoDB AUTO_INCREMENT=4 DEFAULT CHARSET=utf8 COLLATE=utf8_unicode_ci;

--
-- 转存表中的数据 `t_feedbacktype`
--

INSERT INTO `t_feedbacktype` (`t_feedbackTypeID`, `t_feedbackTypeName`) VALUES
(1, '功能反馈'),
(2, '界面反馈'),
(3, '其他反馈');

-- --------------------------------------------------------

--
-- 表的结构 `t_image`
--

CREATE TABLE IF NOT EXISTS `t_image` (
  `t_imageID` int(11) NOT NULL,
  `t_imageName` varchar(45) COLLATE utf8_unicode_ci NOT NULL,
  `t_imageIsThumbnail` int(1) NOT NULL COMMENT '是否为缩略图',
  `t_shopthird_t_shopthirdID` int(11) NOT NULL
) ENGINE=InnoDB AUTO_INCREMENT=113 DEFAULT CHARSET=utf8 COLLATE=utf8_unicode_ci;

--
-- 转存表中的数据 `t_image`
--

INSERT INTO `t_image` (`t_imageID`, `t_imageName`, `t_imageIsThumbnail`, `t_shopthird_t_shopthirdID`) VALUES
(1, 'xihulongjing1', 1, 1),
(2, 'xihulongjing1_origin', 0, 1),
(3, 'xihulongjing2', 1, 2),
(4, 'xihulongjing2_origin', 0, 2),
(5, 'xihulongjing3', 1, 3),
(6, 'xihulongjing3_origin', 0, 3),
(7, 'biluochun1', 1, 4),
(8, 'biluochun1_origin', 0, 4),
(13, 'maojian1', 1, 7),
(14, 'maojian1_origin', 0, 7),
(15, 'maojian2', 1, 8),
(16, 'maojian2_origin', 0, 8),
(17, 'maojian3', 1, 9),
(18, 'maojian3_origin', 0, 9),
(19, 'asamu', 1, 13),
(20, 'asamu_origin', 0, 13),
(21, 'dajiling_origin', 0, 14),
(22, 'dajiling', 1, 14),
(23, 'qimenjingzhen_origin', 0, 12),
(24, 'qimenjingzhen', 1, 12),
(25, 'qihongmaofeng_origin', 0, 11),
(26, 'qihongmaofeng', 1, 11),
(27, 'qimengxiangluo_origin', 0, 10),
(28, 'qimengxiangluo', 1, 10),
(31, 'tingbulacha_origin', 0, 16),
(32, 'tingbulacha', 1, 16),
(33, 'wuwocha_origin', 0, 15),
(34, 'wuwocha', 1, 15),
(35, 'ailiye_origin', 0, 17),
(36, 'ailiye', 1, 17),
(37, 'bohecha_origin', 0, 24),
(38, 'bohecha', 1, 24),
(39, 'guihuacha_origin', 0, 20),
(40, 'guihuacha', 1, 20),
(41, 'jinyinhuacha_origin', 0, 23),
(42, 'jinyinhuacha', 1, 23),
(43, 'juhuacha_origin', 0, 22),
(44, 'juhuacha', 1, 22),
(45, 'molihuacha_origin', 0, 18),
(46, 'molihuacha', 1, 18),
(47, 'ningmengcha_origin', 0, 26),
(48, 'ningmengcha', 1, 26),
(49, 'shanzhacha_origin', 0, 27),
(50, 'shanzhacha', 1, 27),
(51, 'yulanhuacha_origin', 0, 19),
(52, 'yulanhuacha', 1, 19),
(53, 'zhulanhuacha_origin', 0, 21),
(54, 'zhulanhuacha', 1, 21),
(55, 'wuhuaguocha_origin', 0, 25),
(56, 'wuhuaguocha', 1, 25),
(57, 'beigangmaojian_origin', 0, 28),
(58, 'beigangmaojian', 1, 28),
(59, 'huoshanhuangya_origin', 0, 34),
(60, 'huoshanhuangya', 1, 34),
(61, 'junshanyinzhen_origin', 0, 32),
(62, 'junshanyinzhen', 1, 32),
(63, 'mengdinghuangya_origin', 0, 33),
(64, 'mengdinghuangya', 1, 33),
(65, 'pingyanghuangtang_origin', 0, 31),
(66, 'pingyanghuangtang', 1, 31),
(67, 'weishanmaojian_origin', 0, 29),
(68, 'weishanmaojian', 1, 29),
(69, 'yuananluyuan_origin', 0, 30),
(70, 'yuananluyuan', 1, 30),
(71, 'huoshanhuangdacha_origin', 0, 35),
(72, 'huoshanhuangdacha', 1, 35),
(73, 'guangdongdayeqin_origin', 0, 36),
(74, 'guangdongdayeqin', 1, 36),
(75, 'baohaoyinzhen_origin', 0, 38),
(76, 'baohaoyinzhen', 1, 38),
(77, 'baimudan_origin', 0, 41),
(78, 'baimudan', 1, 41),
(79, 'gongmei_origin', 0, 40),
(80, 'gongmei', 1, 40),
(81, 'shoumei_origin', 0, 42),
(82, 'shoumei', 1, 42),
(83, 'tailaoyinzhen_origin', 0, 37),
(84, 'tailaoyinzhen', 1, 37),
(85, 'xingongyibaicha_origin', 0, 39),
(86, 'xingongyibaicha', 1, 39),
(87, 'baozhong_origin', 0, 54),
(88, 'baozhong', 1, 54),
(89, 'dahongbao_origin', 0, 46),
(90, 'dahongbao', 1, 46),
(91, 'dongdingwulong_origin', 0, 53),
(92, 'dongdingwulong', 1, 53),
(93, 'fenghuangdanzong_origin', 0, 50),
(94, 'fenghuangdanzong', 1, 50),
(95, 'fenghuangshuixian_origin', 0, 51),
(96, 'fenghuangshuixian', 1, 51),
(97, 'huangjingui_origin', 0, 49),
(98, 'huangjingui', 1, 49),
(99, 'lingtoudanzong_origin', 0, 52),
(100, 'lingtoudanzong', 1, 52),
(101, 'qilan_origin', 0, 48),
(102, 'qilan', 1, 48),
(103, 'rougui_origin', 0, 43),
(104, 'rougui', 1, 43),
(105, 'shuixian_origin', 0, 45),
(106, 'shuixian', 1, 45),
(107, 'tieguanyin_origin', 0, 47),
(108, 'tieguanyin', 1, 47),
(109, 'wulong_origin', 0, 55),
(110, 'wulong', 1, 55),
(111, 'wuyiyancha_origin', 0, 44),
(112, 'wuyiyancha', 1, 44);

-- --------------------------------------------------------

--
-- 表的结构 `t_noticet`
--

CREATE TABLE IF NOT EXISTS `t_noticet` (
  `t_NoticetID` int(11) NOT NULL,
  `t_NoticetName` varchar(45) COLLATE utf8_unicode_ci NOT NULL COMMENT '活动通知的名字',
  `t_NoticetContent` varchar(200) COLLATE utf8_unicode_ci NOT NULL COMMENT '活动的具内容\n',
  `t_NoticetMoment` varchar(45) COLLATE utf8_unicode_ci NOT NULL COMMENT '活动的时间',
  `t_NoticetImage` varchar(45) COLLATE utf8_unicode_ci NOT NULL COMMENT '活动通知的头像'
) ENGINE=InnoDB AUTO_INCREMENT=2 DEFAULT CHARSET=utf8 COLLATE=utf8_unicode_ci;

--
-- 转存表中的数据 `t_noticet`
--

INSERT INTO `t_noticet` (`t_NoticetID`, `t_NoticetName`, `t_NoticetContent`, `t_NoticetMoment`, `t_NoticetImage`) VALUES
(1, '茶坊活动', '活动具体详情...', '2015-09-09', '');

-- --------------------------------------------------------

--
-- 表的结构 `t_order`
--

CREATE TABLE IF NOT EXISTS `t_order` (
  `t_orderID` int(11) NOT NULL,
  `t_orderNumber` varchar(45) COLLATE utf8_unicode_ci NOT NULL DEFAULT '100000' COMMENT '订单编号',
  `t_orderamount` int(11) NOT NULL COMMENT '订单的数量\n',
  `t_orderstate` varchar(45) COLLATE utf8_unicode_ci NOT NULL DEFAULT '0' COMMENT '订单的状态',
  `t_orderTime` varchar(45) COLLATE utf8_unicode_ci NOT NULL COMMENT '订单时间',
  `t_orderTotal` int(11) NOT NULL COMMENT '总价',
  `t_userID` int(11) NOT NULL,
  `t_shopthird_t_shopthirdID` int(11) NOT NULL,
  `t_address_t_addressID` int(11) NOT NULL,
  `t_DeliveryType_t_DeliveryTypeID` int(11) NOT NULL DEFAULT '1'
) ENGINE=InnoDB AUTO_INCREMENT=120 DEFAULT CHARSET=utf8 COLLATE=utf8_unicode_ci;

--
-- 转存表中的数据 `t_order`
--

INSERT INTO `t_order` (`t_orderID`, `t_orderNumber`, `t_orderamount`, `t_orderstate`, `t_orderTime`, `t_orderTotal`, `t_userID`, `t_shopthird_t_shopthirdID`, `t_address_t_addressID`, `t_DeliveryType_t_DeliveryTypeID`) VALUES
(1, '100001', 1, '待评价', '2015-09-09 10:10:00', 200, 1, 1, 1, 1),
(70, 'c1br772AtjPu', 1, '待评价', '2015-10-22 21:44:40', 200, 1, 1, 1, 1),
(72, 'MgfW6hFUocLR', 1, '待发货', '2015-10-22 21:47:10', 200, 1, 1, 1, 1),
(73, 'gaC1JbyTwd1r', 1, '待发货', '2015-10-22 22:18:01', 200, 1, 1, 1, 1),
(75, 'k7zLliNF0rA5', 1, '待发货', '2015-10-23 09:05:34', 200, 1, 1, 1, 1),
(76, 'bisuvBdPpWoA', 1, '待发货', '2015-10-23 09:06:15', 200, 1, 1, 1, 1),
(92, 'TjxX2iVKOkW4', 1, '待付款', '2015-10-29 14:21:43', 100, 1, 7, 1, 1),
(93, 'IVzLxWI2vsX8', 1, '待付款', '2015-10-29 14:34:18', 49, 1, 10, 1, 1),
(94, 'WjU2Yrlhp4vQ', 1, '待付款', '2015-10-29 16:07:43', 300, 1, 4, 1, 1),
(95, 'OWSMIPmryPSb', 1, '待付款', '2015-10-30 16:04:05', 105, 1, 32, 1, 1),
(96, 'Y5K5SKJOhiQv', 1, '待付款', '2015-10-31 10:55:46', 300, 1, 4, 1, 1),
(97, 'I7ovH5FpMt1F', 4, '待付款', '2015-11-02 08:35:50', 420, 1, 32, 1, 1),
(98, 't4GWmiBq1AAY', 1, '待付款', '2015-11-02 08:36:17', 105, 1, 32, 1, 1),
(99, 'sB99XTg7UD9M', 1, '待付款', '2015-11-02 18:20:27', 49, 1, 10, 1, 1),
(100, 'Nz2g6TvI34Ln', 1, '待付款', '2015-11-02 18:20:37', 49, 1, 10, 1, 1),
(101, 'RyP1aIJVKUIq', 1, '待付款', '2015-11-02 18:20:58', 49, 1, 10, 1, 1),
(102, 'p8D7wULA6h3U', 1, '待付款', '2015-11-02 18:23:35', 49, 1, 10, 1, 1),
(103, '0aEGTFjoaWth', 4, '待付款', '2015-11-02 19:52:14', 400, 1, 23, 1, 1),
(104, 'aypgwe412KiA', 1, '待付款', '2015-11-02 20:36:21', 70, 1, 22, 1, 1),
(105, 'DWhtyHfhO2fl', 1, '待付款', '2015-11-02 20:41:55', 150, 1, 1, 1, 1),
(106, 'cErKxJysAjFz', 1, '待付款', '2016-12-26 15:31:31', 80, 1, 20, 1, 1),
(107, '0j7iWejgrbrh', 1, '待付款', '2016-12-26 15:31:33', 80, 1, 20, 1, 1),
(108, 'Qa6iIOTQQ6nB', 1, '待付款', '2016-12-26 15:31:35', 80, 1, 20, 1, 1),
(109, 'LTk4FdnOes2t', 9, '待付款', '2016-12-26 15:31:46', 720, 1, 20, 1, 1),
(110, 'ZoVYPPk0B3NR', 355, '待付款', '2017-02-24 08:46:25', 35500, 1, 7, 1, 1),
(111, 'iTRCG3wauQfc', 355, '待付款', '2017-02-24 08:46:28', 35500, 1, 7, 1, 1),
(112, 'fNp7viGtCjaK', 355, '待付款', '2017-02-24 08:46:30', 35500, 1, 7, 1, 1),
(113, 'pcbVKTWbIvT2', 1, '待付款', '2017-02-24 08:48:02', 100, 1, 7, 1, 1),
(114, 'v2zKFkGRue4s', 1, '待付款', '2017-02-24 08:48:02', 100, 1, 7, 1, 1),
(115, 'eBmPtCDpoALm', 1, '待付款', '2017-02-24 08:48:03', 100, 1, 7, 1, 1),
(116, 'LQMKltqoDxfu', 1, '待付款', '2017-02-24 08:48:03', 100, 1, 7, 1, 1),
(117, 's6eMcjo5Rmfi', 1, '待付款', '2017-02-24 08:48:04', 100, 1, 7, 1, 1),
(118, '2n3EDqfDnnOj', 1, '待付款', '2017-02-24 08:48:05', 100, 1, 7, 1, 1),
(119, 'W1nngysVogWc', 1, '待付款', '2017-02-24 08:48:05', 100, 1, 7, 1, 1);

-- --------------------------------------------------------

--
-- 表的结构 `t_paytype`
--

CREATE TABLE IF NOT EXISTS `t_paytype` (
  `t_payTypeID` int(11) NOT NULL,
  `t_payTypeName` varchar(45) COLLATE utf8_unicode_ci NOT NULL COMMENT '支付类型\n'
) ENGINE=InnoDB AUTO_INCREMENT=2 DEFAULT CHARSET=utf8 COLLATE=utf8_unicode_ci;

--
-- 转存表中的数据 `t_paytype`
--

INSERT INTO `t_paytype` (`t_payTypeID`, `t_payTypeName`) VALUES
(1, '支付宝');

-- --------------------------------------------------------

--
-- 表的结构 `t_shopcategory`
--

CREATE TABLE IF NOT EXISTS `t_shopcategory` (
  `t_shopCategoryID` int(11) NOT NULL,
  `t_shopCategoryName` varchar(45) COLLATE utf8_unicode_ci NOT NULL COMMENT '商品的类别'
) ENGINE=InnoDB AUTO_INCREMENT=7 DEFAULT CHARSET=utf8 COLLATE=utf8_unicode_ci;

--
-- 转存表中的数据 `t_shopcategory`
--

INSERT INTO `t_shopcategory` (`t_shopCategoryID`, `t_shopCategoryName`) VALUES
(1, '绿茶'),
(2, '红茶'),
(3, '花茶'),
(4, '黄茶'),
(5, '白茶'),
(6, '青茶');

-- --------------------------------------------------------

--
-- 表的结构 `t_shopcollection`
--

CREATE TABLE IF NOT EXISTS `t_shopcollection` (
  `t_shopCollectionID` int(11) NOT NULL COMMENT '商品收藏',
  `t_user_t_userID` int(11) NOT NULL,
  `t_shopGoods_t_shopGoodsID` int(11) NOT NULL
) ENGINE=InnoDB AUTO_INCREMENT=3 DEFAULT CHARSET=utf8 COLLATE=utf8_unicode_ci;

--
-- 转存表中的数据 `t_shopcollection`
--

INSERT INTO `t_shopcollection` (`t_shopCollectionID`, `t_user_t_userID`, `t_shopGoods_t_shopGoodsID`) VALUES
(1, 1, 1),
(2, 1, 2);

-- --------------------------------------------------------

--
-- 表的结构 `t_shopfeedback`
--

CREATE TABLE IF NOT EXISTS `t_shopfeedback` (
  `t_shopFeedbackID` int(11) NOT NULL,
  `t_shopFeedbackContent` varchar(45) COLLATE utf8_unicode_ci NOT NULL COMMENT '意见反馈的内容',
  `t_shopFeedbackPhone` varchar(45) COLLATE utf8_unicode_ci NOT NULL COMMENT '意见反馈的号码或邮箱',
  `t_feedbackType_t_feedbackTypeID` int(11) NOT NULL
) ENGINE=InnoDB AUTO_INCREMENT=2 DEFAULT CHARSET=utf8 COLLATE=utf8_unicode_ci;

--
-- 转存表中的数据 `t_shopfeedback`
--

INSERT INTO `t_shopfeedback` (`t_shopFeedbackID`, `t_shopFeedbackContent`, `t_shopFeedbackPhone`, `t_feedbackType_t_feedbackTypeID`) VALUES
(1, '界面仍有待优化!!!', '12345678900', 2);

-- --------------------------------------------------------

--
-- 表的结构 `t_shopgoods`
--

CREATE TABLE IF NOT EXISTS `t_shopgoods` (
  `t_shopGoodsID` int(11) NOT NULL,
  `t_shopGoodsName` varchar(45) COLLATE utf8_unicode_ci NOT NULL COMMENT '商品的名字',
  `t_shopGoodscontent` varchar(100) COLLATE utf8_unicode_ci NOT NULL COMMENT '详情',
  `t_shopCtegory_t_shopCategoryID` int(11) NOT NULL
) ENGINE=InnoDB AUTO_INCREMENT=23 DEFAULT CHARSET=utf8 COLLATE=utf8_unicode_ci;

--
-- 转存表中的数据 `t_shopgoods`
--

INSERT INTO `t_shopgoods` (`t_shopGoodsID`, `t_shopGoodsName`, `t_shopGoodscontent`, `t_shopCtegory_t_shopCategoryID`) VALUES
(1, '西湖龙井', '西湖龙井，属绿茶，中国十大名茶之一。产于浙江省杭州市西湖龙井村周围群山.', 1),
(2, '碧螺春', '碧螺春是中国传统名茶，中国十大名茶之一，属于绿茶类.', 1),
(3, '毛尖', '毛尖具体又分沩山毛尖，信阳毛尖(信阳毛尖,亦称"豫毛峰").', 1),
(4, '祁门红茶', '祁门红茶是红茶中的极品，享有盛誉，是英国女王和王室的至爱饮品，高香美誉，香名远播，美称“群芳最”、“红茶皇后”', 2),
(5, '阿萨姆红茶', '阿萨姆茶是出产于印度东北部的阿萨姆邦的红茶。 阿萨姆位于东喜马拉雅山南麓，与不丹相邻', 2),
(6, '大吉岭红茶', '大吉岭红茶拥有高昂的身价。三、四月的一号茶多为青绿色，二号茶为金黄。其汤色橙黄，气味芬芳高雅，上品尤其带有葡萄香，口感细致柔和', 2),
(7, '锡兰红茶', '锡兰红茶出产于斯里兰卡，是一种统称。又被称为“西冷红茶”“惜兰红茶”，该名称源于锡兰的英文Ceylon的发音，直接音译而来', 2),
(8, '香花品种', '根据其所用的香花品种不同，分为茉莉花茶、玉兰花茶、桂花花茶、珠兰花茶等， 其中以茉莉花茶产量最大', 3),
(9, '花草茶', '饮用叶或花的称之为花草茶，如荷叶、甜菊叶', 3),
(10, '花果茶', '饮用其果实的称之为花果茶，如：无花果、柠檬、山楂、罗汉果、有花果', 3),
(14, '黄芽茶', '原料细嫩、采摘单芽或一芽一叶加工而成，主要包括湖南岳阳洞庭湖君山的“君山银针”，四川雅安、名山县的“蒙顶黄芽”和安徽霍山的“霍山黄芽”', 4),
(15, '黄小茶', '采摘细嫩芽叶加工而成，主要包括湖南岳阳的“北港毛尖”，湖南宁乡的“沩山毛尖”，湖北远安的“远安鹿苑”和浙江温州、平阳一带的“平阳黄汤”', 4),
(16, '黄大茶', '采摘一芽二、三叶甚至一芽四、五叶为原料制作而成，主要包括安徽霍山的“霍山黄大茶”和广东韶关、肇庆、湛江等地的“广东大叶青”', 4),
(17, '芽茶', '最嫩的茶叶。 宋 熊蕃 《宣和北苑贡茶录》：“凡茶芽数品，最上曰小芽，如雀舌、鹰爪，以其劲直纤锐，故号芽茶。” 清 沉初 《西清笔记·纪典故》：“内廷每岁例赏，三月芽茶，四月帽纬。', 5),
(18, '叶茶', '叶茶的主要品种有白牡丹、寿眉以及新工艺白茶', 5),
(19, '闽北乌龙', '闽北乌龙包括武夷岩茶、水仙、大红袍、肉桂等', 6),
(20, '闽南乌龙', '闽南乌龙包括铁观音、奇兰、水仙、黄金桂等', 6),
(21, '广东乌龙', '广东乌龙包括凤凰单枞、凤凰水仙、岭头单枞等', 6),
(22, '台湾乌龙', '台湾乌龙包括冻顶乌龙、包种、乌龙等', 6);

-- --------------------------------------------------------

--
-- 表的结构 `t_shopthird`
--

CREATE TABLE IF NOT EXISTS `t_shopthird` (
  `t_shopthirdID` int(11) NOT NULL,
  `t_shopthirdName` varchar(45) COLLATE utf8_unicode_ci NOT NULL COMMENT '三级分类商品名',
  `t_shopthirdcontent` varchar(1000) COLLATE utf8_unicode_ci NOT NULL COMMENT '简介',
  `t_shopthirdPrice` varchar(45) COLLATE utf8_unicode_ci NOT NULL COMMENT '三级分类商品价格',
  `t_shopgoodsishot` int(11) NOT NULL DEFAULT '0' COMMENT '商品是否为热门',
  `t_goodsIsDiscount` int(11) NOT NULL DEFAULT '0' COMMENT '商品是否打折',
  `t_shopNumber` int(11) NOT NULL COMMENT '剩余商品件数',
  `t_shopGoods_t_shopGoodsID` int(11) NOT NULL,
  `t_thirdType` int(11) NOT NULL DEFAULT '0' COMMENT '商品所属的专区(默认无)'
) ENGINE=InnoDB AUTO_INCREMENT=56 DEFAULT CHARSET=utf8 COLLATE=utf8_unicode_ci;

--
-- 转存表中的数据 `t_shopthird`
--

INSERT INTO `t_shopthird` (`t_shopthirdID`, `t_shopthirdName`, `t_shopthirdcontent`, `t_shopthirdPrice`, `t_shopgoodsishot`, `t_goodsIsDiscount`, `t_shopNumber`, `t_shopGoods_t_shopGoodsID`, `t_thirdType`) VALUES
(1, '龙井(狮峰)', '西湖龙井(狮峰)，属绿茶，中国十大名茶之一。产于浙江省杭州市西湖龙井村周围群山.', '200.00', 0, 1, 100, 1, 1),
(2, '龙井(龙井)', '西湖龙井(龙井)，属绿茶，中国十大名茶之一。产于浙江省杭州市西湖龙井村周围群山.', '150.00', 0, 0, 200, 1, 3),
(3, '龙井(五云山)', '西湖龙井(五云山)，属绿茶，中国十大名茶之一。产于浙江省杭州市西湖龙井村周围群山.', '220.00', 0, 0, 150, 1, 1),
(4, '碧螺春', '碧螺春是中国传统名茶，中国十大名茶之一，属于绿茶类.', '300.00', 0, 0, 50, 2, 4),
(7, '信阳毛尖', '信阳毛尖又称豫毛峰，属绿茶类。是中国十大名茶之一,信阳毛尖被誉为“绿茶之王”。', '100.00', 0, 0, 201, 3, 5),
(8, '沩山毛尖', '沩山毛尖，产于湖南省宁乡县水沩山的沩山乡。沩山为高山盆地，自然环境优越，茂林修竹，奇峰峻岭，溪河环绕，芦花瀑布一泻千丈，常年云雾飘渺，罕见天日，素有“千山万山朝沩山，人到沩山不见山”之说', '250.00', 0, 0, 178, 3, 4),
(9, '都匀毛尖', '信阳毛尖又称豫毛峰，属绿茶类。是中国十大名茶之一，河南省著名特产。由汉族茶农创制于民国初年。主要产地在信阳市和新县，商城县及境内大别山一带', '350.00', 0, 0, 210, 3, 4),
(10, '祁红香螺', '祁红香螺，祁门红茶中的新名茶，产地茗洲，与黄山金毫、祁红毛峰并称“祁红三剑客”，是葆和堂红茶中最具创新的产品', '66.00', 1, 1, 120, 4, 4),
(11, '祁门毛峰', '祁门毛峰是发酵后直接烘焙，达到传统祁门红茶的生产工艺要求，口感纯正', '140.00', 0, 0, 300, 4, 4),
(12, '祁门金针', '工艺革新后推出了祁红金针', '50.00', 0, 0, 50, 4, 5),
(13, '阿萨姆红茶', '阿萨姆红茶，茶叶外形细扁，色呈深褐；汤色深红稍褐，带有淡淡的麦芽香、玫瑰香，滋味浓，属烈茶，是冬季饮茶的最佳选择', '101.00', 1, 0, 130, 5, 5),
(14, '大吉岭红茶', '大吉岭红茶被称颂为世界名茶之一，是英国贵族的宠儿。这种茶的前身就是中国福建武夷山的正山小种红茶', '135.00', 0, 0, 300, 6, 5),
(15, '乌沃茶', '乌沃茶产于山岳地带的东侧，常年云雾弥漫，由于冬季吹送的东北季风带来雨量(11月-次年2月)，不利茶园生产，以7-9月所获的品质最优', '230.00', 0, 0, 120, 7, 4),
(16, '汀布拉茶', '入口润滑爽口，带着丝丝花香。和欧琳达一起悉心感受汀布拉茶的馥郁香醇~', '320.00', 1, 1, 100, 7, 4),
(17, '努沃勒埃利耶', '斯里兰卡岛上海拔最高的地区出产的茶叶被誉为锡兰茶中的“香槟酒”。 努沃勒埃利耶茶最佳的采摘期在每年的一月和二月，努沃勒埃利耶茶汤色，橙黄清单，茶味清香，口感稍近绿茶，香气清高，心旷神怡；以纯茶饮用最佳', '40.00', 0, 0, 100, 7, 5),
(18, '茉莉花茶', '茉莉花茶（Jasmine Tea），又叫茉莉香片，属于花茶，已有1000多年历史。茉莉花茶产于福建省福州市及闽东北地区，其茶香与茉莉花香交互融合，有“窨得茉莉无上味，列作人间第一香”的美誉', '150.00', 0, 0, 500, 8, 6),
(19, '玉兰花茶', '玉兰花茶，采用优质五指山春绿茶与优质白玉兰鲜花为原料，精心调制而成，香韵独特、滋味醇厚、回甜，是健康养生茶饮料', '100.00', 0, 0, 601, 8, 6),
(20, '桂花茶', '桂花茶，是中国的主要茶类之一，属于花茶，由桂花和茶叶窨制而成，香味馥郁持久，汤色绿而明亮', '80.00', 1, 1, 342, 8, 6),
(21, '珠兰花茶', '珠兰花茶，选用黄山毛峰、徽州烘青、老竹大方等优质绿茶作茶坯，混合窨制而成的花茶。珠兰花茶清香幽雅、鲜爽持久，是中国主要花茶品种之一，主要产地包括安徽歙县、福建福州、浙江金华和江西南昌等', '133.00', 0, 0, 200, 8, 6),
(22, '菊花茶', '菊花茶是使用菊花为原料制成而成的花草茶。菊花茶经过鲜花采摘、阴干、生晒蒸晒、烘培等工序制作而成。据古籍记载，菊花味甘苦，性微寒，有散风清热、清肝明目和解毒消炎等作用', '70.00', 1, 0, 700, 9, 4),
(23, '金银花茶', '金银花自古被誉为清热解毒的良药。它性甘寒气芳香，甘寒清热而不伤胃，芳香透达又可祛邪。金银花既能宣散风热，还善清解血毒，用于各种热性病，如身热、发疹、发斑、热毒疮痈、咽喉肿痛等症，均效果显著', '100.00', 1, 0, 421, 9, 6),
(24, '薄荷茶', '绿茶汤中加糖，再添加新鲜的薄荷叶，就是名副其实的薄荷茶了，是北非地区的特色茶饮料。薄荷又名苏薄荷，为常用中药', '50.00', 0, 0, 1000, 9, 6),
(25, '无花果茶', '无花果具有很高的营养价值，它的果实富含糖、蛋白质、氨基酸、维生素和矿质元素', '151.00', 0, 0, 130, 10, 6),
(26, '柠檬茶', '柠檬茶，以柠檬果片或加茶叶、蜂蜜、糖等制成的饮料。柠檬茶可以帮助排除体内垃圾，减少毒素，巩固瘦身效果。将柠檬在热水中稍微浸泡一下，然后切片泡水，添加蜂蜜，腌制在罐子里，口感更好', '55.00', 1, 0, 555, 10, 5),
(27, '山楂茶', '山楂茶是一款养生茶疗。山楂——酸、甘、微温。归脾、胃、肝经，消食健胃，行气散瘀，有扩张冠状动脉、舒张血管、降脂降压强心的作用', '55.00', 0, 1, 100, 10, 5),
(28, '北港毛尖', '北港毛尖以注册商标“北港”命名，唐代称“邕（yōng）湖茶”，属黄茶类，产于湖南省岳阳市北港', '146.00', 0, 0, 100, 15, 4),
(29, '沩山毛尖', '沩山毛尖，产于湖南省宁乡县水沩山的沩山乡。沩山为高山盆地，自然环境优越，茂林修竹，奇峰峻岭，溪河环绕，芦花瀑布一泻千丈，常年云雾飘渺，罕见天日，素有“千山万山朝沩山，人到沩山不见山”之说', '230.00', 0, 0, 100, 15, 1),
(30, '远安鹿苑', '远安鹿苑是黄茶的一种，产于湖北省远安县鹿苑寺一带。以揉捻后久堆焖黄的方式制作。色泽金黄，香气馥郁芬芳，汤色杏黄明亮，滋味醇厚甘凉', '300.00', 0, 0, 100, 15, 1),
(31, '平阳黄汤茶', '平阳黄汤茶，属于六大茶类黄茶类中的黄小茶，与蒙顶黄芽、霍山黄芽等知名黄茶齐名。原产于浙江平阳、泰顺、瑞安等地，品质以平阳北港所产为最佳', '150.00', 0, 1, 100, 15, 2),
(32, '君山银针', '君山银针是中国名茶之一。产于湖南岳阳洞庭湖中的君山，形细如针，故名君山银针。属于黄茶。其成品茶芽头茁壮，长短大小均匀，茶芽内面呈金黄色，外层白毫显露完整，而且包裹坚实，茶芽外形很象一根根银针，雅称“金镶玉”', '105.00', 1, 0, 200, 14, 3),
(33, '蒙顶黄芽', '蒙顶黄芽，是芽形黄茶之一，产于四川省雅安市蒙顶山。蒙顶茶栽培始于西汉，距今已有二千年的历史，古时为贡品供历代皇帝享用，新中国成立后曾被评为全国十大名茶之一', '204.00', 0, 0, 300, 14, 2),
(34, '霍山黄芽', '霍山黄芽产于安徽省霍山县大化坪镇、太阳乡金竹坪、太平乡王家店村、为中国名茶之一。该茶外形条直微展，匀齐成朵、形似雀舌、嫩绿披毫，香气清香持久，滋味鲜醇浓厚回甘，汤色黄绿清澈明亮，叶底嫩黄明亮', '158.00', 0, 0, 201, 14, 2),
(35, '霍山黄大茶', '霍山黄大茶，属黄茶，亦称为皖西黄大茶，自明朝便已有记载。产于安徽霍山、金寨、大安、岳西等地。叶大、梗长、黄色黄汤香高耐泡，饮之有消垢腻、去积滞之作用，具有抗辐射，提神清心，消暑等功效。其成品主要经过炒茶、初烘、堆积、烘焙等工序，为国家地理标志保护农产品', '110.00', 0, 1, 203, 16, 5),
(36, '广东大叶青', '大叶青为广东的特产，汉族茶农创制的名茶。具有黄茶的一般特点。所以也归属共同茶类。其产地为广东省韶关、肇庆、湛江等县市。广东大叶青为属黄茶类', '222.00', 0, 0, 111, 16, 2),
(37, '太姥银针', '太姥银针是极品白毫银针中的极品，采自明前顶芽，芽头肥壮、根根匀齐、挺直如针、满披白毫、色泽如银，单芽长在2.7cm以上，每百克单芽数不多于3200枚之优质独芽，汤色淡黄明亮，有天然馥郁毫香，滋味鲜醇清甜', '108.00', 0, 0, 190, 17, 4),
(38, '白毫银针', '白毫银针，简称银针，又叫白毫，属白茶类。素有茶中“美女”、“茶王”之美称。白毫银针由福建省的汉族茶农创制于1889年，产地位于中国福建省的福鼎市和南平市政和县', '228.00', 1, 0, 122, 17, 1),
(39, '新工艺白茶', '新工艺白茶简称新白茶，是按白茶加工工艺，在萎凋后加入轻揉制成。原中国茶业公司福州分公司（现福建茶叶进出口有限责任公司）和福鼎有关茶厂为适应港澳市场的需要，于1968年研制的一个新产品，现在已远销欧盟及东南亚国家及日本等多个国家和地区', '231.00', 0, 0, 123, 18, 2),
(40, '贡眉', '贡眉属白茶，又被称为寿眉，是白茶中产量最高的一个品种，其产量约占到了白茶总产量的一半以上。主要产于福建建阳县，建瓯、浦城等县也有生产', '213.00', 0, 0, 323, 18, 3),
(41, '白牡丹', '白茶主要品种有白牡丹、白毫银针。白牡丹何以冠此高雅之芳名？白牡丹因其绿叶夹银白色毫心，形似花朵，冲泡后绿叶托着嫩芽，宛如蓓蕾初放，故得美名', '111.00', 0, 1, 123, 18, 2),
(42, '寿眉', '寿眉，有时称作贡眉，乃以菜茶有性群体茶树芽叶制成的白茶。用茶芽叶制成的毛茶称为“小白”，以区别于福鼎大白茶、政和大白茶茶树芽叶制成的“大白”毛茶。菜茶茶芽曾用以制造白毫银针，其后改用大白制白毫银针和白牡丹，而小白则用以制造贡眉。一般以贡眉表示上品，质量优于寿眉，近年则一般只称贡眉，而不再有寿眉的商品出口', '421.00', 0, 0, 213, 18, 3),
(43, '肉桂', '肉桂是武夷岩茶中著名花色品种之一。肉桂又名玉桂，原为武夷名丛之一。在清朝中已负盛名。肉桂除了具有岩茶的滋味外，更以其香气辛锐持久的高香而备受人们的欢迎', '212.00', 0, 0, 432, 19, 3),
(44, '武夷岩茶', '武夷岩茶是中国传统名茶，是具有岩韵（岩骨花香）品质特征的乌龙茶。产于福建闽北“秀甲东南”的武夷山一带，茶树生长在岩缝之中。武夷岩茶具有绿茶之清香，红茶之甘醇，是中国乌龙茶中之极品。武夷岩茶属半发酵的青茶，制作方法介于绿茶与红茶之间。最著名的武夷岩茶是大红袍茶', '213.00', 0, 0, 123, 19, 2),
(45, '水仙', '水仙茶是汉族茶农创制的名茶，属于中国茶叶优良品种之一，是福建乌龙茶类中的一种。原产于闽北', '324.00', 0, 0, 214, 19, 3),
(46, '大红袍', '大红袍，产于福建武夷山，属乌龙茶，品质优异。中国特种名茶。其外形条索紧结，色泽绿褐鲜润，冲泡后汤色橙黄明亮，叶片红绿相间。品质最突出之处是香气馥郁有兰花香，香高而持久，“岩韵”明显', '2130.00', 1, 0, 213, 19, 1),
(47, '铁观音', '冲泡后有天然的兰花香，滋味纯浓,香气馥郁持久，有“七泡有余香之誉 ”。除具有一般茶叶的保健功能外，还具有抗衰老、抗动脉硬化、防治糖尿病、减肥健美、防治龋齿、清热降火，敌烟醒酒等功效', '1000.00', 1, 1, 89, 20, 1),
(48, '奇兰', '奇兰茶产于广东兴宁市东南部南华山。产地气候温暖，土壤深厚肥沃，自然条件优越。奇兰茶属乌龙茶类，兴宁南华牌奇兰茶', '213.00', 0, 0, 1231, 20, 2),
(49, '黄金桂', '黄金桂原产于安溪虎邱罗岩村，是乌龙茶中风格有别于铁观音的又一极品。在现有乌龙茶品种中是发芽最早的一种，制成的乌龙茶，香气特别高，所以在产区被称为“清明茶”，“透天香”，有“一早二奇”之誉', '324.00', 0, 0, 123, 20, 2),
(50, '凤凰单枞', '凤凰单枞，属乌龙茶类。主要产于广东省潮州市凤凰山', '41.00', 0, 0, 321, 21, 5),
(51, '凤凰水仙', '凤凰水仙，乌龙茶，原产于广东省潮安县凤凰山区，相传在南宋时期已有栽培，迄今已有900余年历史。\r\n凤凰水仙成茶香气特高，滋味浓郁甘醇，汤色金黄；制红茶，香气高，汤色红艳，呈“冷后浑”', '111.00', 0, 1, 20, 21, 3),
(52, '岭头单枞', '岭头单枞又称白叶单丛茶。其发源于饶平县浮滨镇岭头村海拔 1032米的双髻娘山，于1961年从野生水仙茶中选育而成', '120.00', 0, 0, 212, 21, 5),
(53, '冻顶乌龙', '冻顶乌龙茶，产地为台湾鹿谷乡凤凰村 永隆村彰雅村（冻顶巷），茶区海拔600-1000公尺，被誉为“茶中圣品”。冻顶乌龙茶汤清爽怡人，汤色蜜绿带金黄，茶香清新典雅，香气清雅 ，喉韵回甘浓郁且持久，香气独特据说是帝王级泡澡茶浴的佳品', '1021.00', 0, 0, 22, 22, 1),
(54, '包种', '包种茶，盛产于台湾北部，与冻顶乌龙茶并称为台湾两大名茶。由福建 泉州府安溪县人王义程氏所创制，仿武夷岩茶的制法制造安溪茶，茶叶四两包成长方形之四方包，以防茶香外溢，包外盖上茶名及行号印章，称之为“包种”', '190.0', 0, 1, 45, 22, 3),
(55, '乌龙', '乌龙茶（oolong tea），亦称青茶、半发酵茶及全发酵茶，品种较多，是中国几大茶类中，独具鲜明汉族特色的茶叶品类。乌龙茶是经过采摘、萎凋、摇青、炒青、揉捻、烘焙等工序后制出的品质优异的茶类', '251.00', 0, 1, 67, 22, 6);

-- --------------------------------------------------------

--
-- 表的结构 `t_shoptopay`
--

CREATE TABLE IF NOT EXISTS `t_shoptopay` (
  `t_shopToPayID` int(11) NOT NULL COMMENT '待支付',
  `t_shopToPayAmount` int(11) NOT NULL COMMENT '待付款数量',
  `t_user_t_userID` int(11) NOT NULL,
  `t_shopGoods_t_shopGoodsID` int(11) NOT NULL
) ENGINE=InnoDB AUTO_INCREMENT=2 DEFAULT CHARSET=utf8 COLLATE=utf8_unicode_ci;

--
-- 转存表中的数据 `t_shoptopay`
--

INSERT INTO `t_shoptopay` (`t_shopToPayID`, `t_shopToPayAmount`, `t_user_t_userID`, `t_shopGoods_t_shopGoodsID`) VALUES
(1, 1, 1, 1);

-- --------------------------------------------------------

--
-- 表的结构 `t_shoptoreceipt`
--

CREATE TABLE IF NOT EXISTS `t_shoptoreceipt` (
  `t_shopToReceiptID` int(11) NOT NULL COMMENT '待收货',
  `t_shopToReceiptAmount` int(11) NOT NULL COMMENT '待收货商品的数量',
  `t_user_t_userID` int(11) NOT NULL,
  `t_shopGoods_t_shopGoodsID` int(11) NOT NULL
) ENGINE=InnoDB AUTO_INCREMENT=2 DEFAULT CHARSET=utf8 COLLATE=utf8_unicode_ci;

--
-- 转存表中的数据 `t_shoptoreceipt`
--

INSERT INTO `t_shoptoreceipt` (`t_shopToReceiptID`, `t_shopToReceiptAmount`, `t_user_t_userID`, `t_shopGoods_t_shopGoodsID`) VALUES
(1, 1, 1, 1);

-- --------------------------------------------------------

--
-- 表的结构 `t_tea`
--

CREATE TABLE IF NOT EXISTS `t_tea` (
  `t_teaID` int(11) NOT NULL,
  `t_teaName` varchar(45) COLLATE utf8_unicode_ci NOT NULL COMMENT '茶的名字\n',
  `t_teaIntroduction` varchar(1000) COLLATE utf8_unicode_ci NOT NULL COMMENT '茶的介绍',
  `t_teaImage` varchar(45) COLLATE utf8_unicode_ci NOT NULL COMMENT '茶的图片',
  `t_teaType_t_teaTypeID` int(11) NOT NULL
) ENGINE=InnoDB AUTO_INCREMENT=21 DEFAULT CHARSET=utf8 COLLATE=utf8_unicode_ci;

--
-- 转存表中的数据 `t_tea`
--

INSERT INTO `t_tea` (`t_teaID`, `t_teaName`, `t_teaIntroduction`, `t_teaImage`, `t_teaType_t_teaTypeID`) VALUES
(1, '西湖龙井', '西湖龙井，属绿茶，中国十大名茶之一。产于浙江省杭州市西湖龙井村周围群山。具有1200多年历史。清乾隆游览杭州西湖时，盛赞西湖龙井茶，把狮峰山下胡公庙前的十八棵茶树封为“御茶”。西湖龙井按外形和内质的优次分作1～8级。外形扁平挺秀，色泽绿翠，内质清香味醇，泡在杯中，芽叶色绿。素以“色绿、香郁、味甘、形美”四绝称著。\n西湖龙井茶历史悠久，最早可追溯到中国唐代，当时著名的茶圣陆羽，在所撰写的世界上第一部茶叶专著《茶经》中，就有杭州天竺、灵隐二寺产茶的记载。西湖龙井茶之名始于宋，闻于元，扬于明，盛于清。在这一千多年的历史演变过程，西湖龙井茶从无名到有名，从老百姓饭后的家常饮品到帝王将相的贡品，从汉民族的名茶到走向世界的名品，开始了它的辉煌时期。 \n早在北宋时期，龙井茶区已初步形成规模，当时灵隐下天竺香林洞的“香林茶”，上天竺白云峰产的“白云茶”和葛岭宝云山产的“宝云茶”已列为贡品。北宋高僧辩才法师归隐故地，也是当年与苏东坡等文豪在龙井狮峰山脚下寿圣寺品茗吟诗之处，苏东坡有“白云峰下两旗新，腻绿长鲜谷雨春”之句赞美龙井茶，并手书“老龙井”等匾额，至今尚存寿圣寺胡公庙、十八棵御茶园中狮峰山脚的悬岩上。\n南宋，杭州成了国都，茶叶生产也有了进一步的发展。\n元代，龙井茶的品质得到进一步提升。龙井附近所产之茶开始露面，有爱茶人虞伯生始作《游龙井》饮茶诗，诗中曰：“徘徊龙井上，云气起晴画。澄公爱客至，取水挹幽窦。坐我詹卜中，余香不闻嗅。但见瓢中清，翠影落碧岫。烹煎黄金芽，不取谷雨后，同来二三子，三咽不忍漱。”可见当时僧人居士看中龙井一带风光幽静，又有好泉好茶，故结伴前来饮茶赏景。[2] \n明代，西湖龙井茶开始崭露头角，名声逐渐远播，开始走出寺院，为平常百姓所饮用。明嘉靖年间的《浙江匾志》记载：“杭郡诸茶，总不及龙井之产，而雨前细芽，取其一旗一枪，尤为珍品，所产不多，宜其矜贵也。”明万历年的《杭州府志》有“老龙井，其地产茶，为两山绝品”之说。万历年《钱塘县志》又记载“茶出龙井者，作豆花香，色清味甘，与他山异。”此时的西湖龙井茶被列为中国之名茶。明代黄一正收录的名茶录及江南才子徐文长辑录的全国名茶中，都有西湖龙井茶。\n', 'lv1', 1),
(2, '碧螺春', '中国著名绿茶之一。洞庭碧螺春茶产于江苏省吴县（今属苏州市）太湖洞庭山。太湖辽阔，碧水荡漾，烟波浩渺。洞庭山位于太湖之滨，东山是犹如巨舟伸进太湖的半岛，西山是相隔几公里、屹立湖中的岛屿，西山气候温和，冬暖夏凉，空气清新，云雾弥漫，是茶树生长得天独厚的环境，加之采摘精细，做工考究，形成了别具特色的品质特点。碧螺春茶条索纤细，卷曲成螺，满披茸毛，色泽碧绿。冲泡后，味鲜生津，清香芬芳，汤绿水澈，叶底细匀嫩。尤其是高级碧螺春，可以先冲水后放茶，茶叶依然徐徐下沉，展叶放香，这是茶叶芽头壮实的表现，也是其他茶所不能比拟的。因此，民间有这样的说法：碧螺春是“铜丝条，螺旋形，浑身毛，一嫩（指芽叶）三鲜（指色、香、味）自古少”。\n碧螺春茶从春分开采，至谷雨结束，采摘的茶叶为一芽一叶，对采摘下来的芽叶还要进行拣剔，去除鱼叶、老叶和过长的茎梗。一般是清晨采摘，中午前后拣剔质量不好的茶片，下午至晚上炒茶。大多仍采用手工方法炒制，其工艺过程是：杀青－－炒揉－－搓团焙干。三个工序在同一锅内一气呵成。炒制特点是炒揉并举，关键在提毫，即搓团焙干工序。\n洞庭碧螺春茶风格独具，常用之招待外宾或作高级礼品，它不仅畅销于国内市场，还外销至日本、美国、德国、新加坡等国。\n', 'lv2', 1),
(3, '黄山毛峰', '毛尖，外形比较的细直圆润光滑，茶叶全身遍布着白毫，茶叶全身披着一层绿衣，香气香远悠长，茶汤的味道十分的鲜浓甘爽独特，冲泡出来的茶汤颜色碧绿，茶叶舒张开来，慢慢沉入杯底，茶叶片片匀整，柔嫩鲜绿光滑。毛尖茶其实是属于绿茶中的一个品种。 毛尖的色、香、味、形均有独特个性，其颜色鲜润、干净，不含杂质，香气高雅、清新，味道鲜爽、醇香、回甘。', 'lv3', 1),
(4, '太平猴魁', '太平猴魁，汉族传统名茶，中国历史名茶之一，属于绿茶类尖茶，产于安徽太平县（现改为黄山市黄山区）一带，为尖茶之极品，久享盛名。其外形两叶抱芽，扁平挺直，自然舒展，白毫隐伏，有“猴魁两头尖，不散不翘不卷边”的美名。茶叶中所含的化学成分达500多种，具有抗菌、抑菌作用、减肥作用、防龋齿、抑制癌细胞等功效。清咸丰(1859)，猴魁先祖郑守庆就在麻川河畔的山中开出一块茶园，生产出扁平挺直、鲜爽味醇且散发出阵阵兰花香味的“尖茶”，冠名“太平尖茶”。现在，猴魁茶界普遍认为“太平尖茶”是太平猴魁的前身。2004年，在国际茶博会上获得“绿茶茶王”称号。', 'lv4', 1),
(5, '六安瓜片', '六安瓜片是国家级历史名茶，中国十大经典绿茶之一。 六安瓜片（又称片茶），为绿茶特种茶类。采自当地特有品种，经扳片、剔去嫩芽及茶梗，通过独特的传统加工工艺制成的形似瓜子的片形茶叶。\r\n六安瓜片\r\n“六安瓜片”具有悠久的历史底蕴和丰厚的文化内涵。早在唐代，《茶经》就有“庐州六安(茶)”之称；明代科学家徐光启在其著《农政全书》里称“六安州之片茶，为茶之极品”；明代李东阳、萧显、李士实三名士在《咏六安茶》中也多次提及，曰“七碗清风自六安”“陆羽旧经遗上品”，予“六安瓜片”以很高的评价；“六安瓜片”在清朝被列为“贡品”，慈禧太后曾月奉十四两；大文学家曹雪芹旷世之作《红楼梦》中也有提及，特别是“妙玉品茶(六安瓜片)”一段，读来令人荡气回肠；到了近代，“六安瓜片”被指定为中央军委特贡茶，开国总理周恩来同志临终前还念唠着“六安瓜片”；1971年美国前国务卿第一次访华，“六安瓜片”还作为国家级礼品馈赠给外国友人。可见，“六安瓜片”在中国名茶史上一直占据显著的位置。\r\n“六安瓜片”驰名古今中外，还得惠于其独特的产地、工艺和品质优势。主产地是革命老区金寨县，全县地处大别山北麓，高山环抱，云雾缭绕，气候温和，生态植被良好，是真正大自然中孕育成的绿色饮品。同时，“六安瓜片”的采摘也与众不同，茶农取自茶枝嫩梢壮叶，因而，叶片肉质醇厚，营养最佳，是我国绿茶中唯一去梗去芽的片茶。\r\n', 'lv5', 1),
(6, '祁门红茶', '祁门红茶简称祁红，茶叶原料选用当地的中叶、中生种茶树“槠叶种”（又名祁门种）制作，是中国历史名茶，著名红茶精品。由安徽省汉族茶农创制于光绪年间，但史籍记载最早可追溯至唐朝陆羽的茶经。产于安徽省祁门、东至、贵池（今池州市）、石台、黟县，以及江西的浮梁一带。“祁红特绝群芳最，清誉高香不二门。”祁门红茶是红茶中的极品，享有盛誉，是英国女王和王室的至爱饮品，高香美誉，香名远播，美称“群芳最”、“红茶皇后”。相关经典名句：“一器成名只为茗，悦来客满是茶香。”', 'hong1', 3),
(7, '阿萨姆红茶', '【产地】\r\n　　阿萨姆茶是出产于印度东北部的 阿萨姆邦的红茶。 阿萨姆位于东喜马拉雅山南麓，与不丹相邻。 \r\n【样式】\r\n　　这种盛产在海平面附近的阿萨姆茶以浓稠，浓烈，麦芽香，清透鲜亮而出名。在历史上， 阿萨姆是继 中国以后第二个商业茶叶生产地区。 \r\n【阿萨姆红茶】\r\n　　阿萨姆红茶，产印度东北阿萨姆喜马拉雅山麓的阿萨姆溪谷一带。当地 日照强烈，需另种树为茶树适度遮蔽；由于雨量丰富，因此促进热带性的阿萨姆大叶种茶树蓬勃发育。以6-7月采摘的品质最优，但10-11月产的秋茶较香。 \r\n【阿萨姆红茶外形】\r\n阿萨姆红茶， 茶叶外形细扁，色呈深褐；汤色深红稍褐，带有淡淡的麦芽香、玫瑰香，滋味浓，属烈茶，是冬季饮茶的最佳选择。\r\n', 'hong2', 3),
(8, '大吉岭红茶', '大吉岭红茶，产于印度西孟加拉省北部喜马拉雅山麓的大吉岭高原一带。当地年均温15℃左右，白天日照充足，但日夜温差大，谷地里常年弥漫云雾，是孕育此茶独特芳香的一大因素。以5-6月的二号茶品质最优，被誉为“红茶中的香槟”。大吉岭红茶拥有高昂的身价。三、四月的一号茶多为青绿色，二号茶为金黄。其汤色橙黄，气味芬芳高雅，上品尤其带有葡萄香，口感细致柔和。大吉岭红茶最适合清饮，但因为茶叶较大，需稍久焖（约5分钟）使茶叶尽舒，才能得其味。下午茶及进食口味生的盛餐后，最宜饮此茶。', 'hong3', 3),
(9, '白牡丹', ' 白牡丹茶产于福建省福鼎市、政和县等地，是中国福建历史名茶，属于白茶类；白牡丹外形毫心肥壮，叶张肥嫩，叶色灰绿，夹以银白毫心，呈“抱心形”，叶背遍布洁白茸毛；冲泡后毫香鲜嫩持久；滋味清醇微甜；汤色杏黄明亮或橙黄清澈；叶底嫩匀完整，叶脉微红，布于绿叶之中，有“红装素裹”之誉；白牡丹按其制作的原料可分为政和大白茶、福鼎大白茶及水仙白茶。 白牡丹的制作工艺很简单，只有萎凋和焙干两大工序。采用福鼎大白茶、福鼎大毫茶为原料，经传统工艺加工而成。其叶张肥嫩，叶态伸展，毫心肥壮，色泽灰绿，毫色银白，毫香浓显，清鲜纯正，滋味醇厚清甜，汤色杏黄明净。具有祛暑、通血管、明目、抗辐射、解毒之功效。 白茶主要品种有白牡丹、白毫银针。因其绿叶夹银白色毫心，形似花朵，冲泡后绿叶托着嫩芽，宛如蓓蕾初放，故得美名白牡丹茶。 白牡丹属白茶类，它以绿叶夹银色白毫芽形似花朵，冲泡之后绿叶托着嫩芽，宛若蓓蕾初开，故名白牡丹。', 'bai1', 5),
(10, '贡眉', ' 贡眉属白茶，又被称为寿眉，是白茶中产量最高的一个品种，其产量约占到了白茶总产量的一半以上。主要产于福建建阳县，建瓯、浦城等县也有生产。产量约占白茶总产量一半以上。以菜茶茶树芽叶制成，一般以贡眉为上品，由于寿眉，近年则一般只称贡眉。目前产区主要在福建省（台湾省也有少量生产）建阳、福鼎、政和、松溪等县。 它是以菜茶茶树的芽叶制成，这种用菜茶芽叶制成的毛茶称为“小白”，以区别于福鼎大白茶、政和大白茶茶树芽叶制成的“大白”毛茶。以前，菜茶的茶芽曾经被用来制造白毫银针等品种，但后来则改用“大白”来制作白毫银针和白牡丹，而小白就用来制造贡眉了。通常，“贡眉”是表示上品的，其质量优于寿眉，但近年来则一般只称贡眉，而不再有寿眉。', 'bai2', 5),
(11, '白毫银针', '白毫银针，简称银针，又叫白毫，属白茶类。素有茶中“美女”、“茶王”之美称。白毫银针由福建省的汉族茶农创制于1889年，产地位于中国福建省的福鼎市和南平市政和县。 由于鲜叶原料全部是茶芽，白毫银针制成成品茶后，形状似针，白毫密被，色白如银，因此命名为白毫银针。其针状成品茶，长三厘米许，整个茶芽为白毫覆被，银装素裹，熠熠闪光，令人赏心悦目。冲泡后，香气清鲜，滋味醇和，杯中的景观也使人情趣横生。茶在杯中冲泡，即出现白云疑光闪，满盏浮花乳，芽芽挺立，蔚为奇观。 银针性寒凉，有退热祛暑解毒之功，在华北被视为治疗养护麻疹患者的良药', 'bai3', 5),
(12, '茉莉花茶', ' 茉莉花茶（Jasmine Tea），又叫茉莉香片，属于花茶，已有1000多年历史。茉莉花茶产于福建省福州市及闽东北地区，其茶香与茉莉花香交互融合，有“窨得茉莉无上味，列作人间第一香”的美誉。 在清朝时被列为贡品，有150多年历史。福州茉莉花茶源于汉，中医的创新促进福州茉莉花茶诞生，宋朝中医局方学派对香气和茶保健作用的充分认识，引发香茶热，诞生了数十种香茶。新中国成立以来，福州茉莉花茶一直是国家的外事礼茶[1]  。茉莉花茶是将茶叶和茉莉鲜花进行拼和、窨制，使茶叶吸收花香而成的茶叶[2]  。其香气鲜灵持久、滋味醇厚鲜爽、汤色黄绿明亮、叶底嫩匀柔软。经过一系列工艺流程窨制而成的茉莉花茶，具有安神、解抑郁、健脾理气、抗衰老防辐射、提高机体免疫力的功效，是一种健康饮品 。', 'hua1', 2),
(13, '玫瑰花茶', '玫瑰花茶为中国再加工茶类中花茶的一种，是由茶叶和玫瑰鲜花窨制而成。玫瑰花茶所采用的茶坯有红茶、绿茶，鲜花除玫瑰外，蔷薇和现代月季也具有甜美、浓郁的花香，也可用来窨制花茶，其中半开放的玫瑰花，品质最佳。成品茶甜香扑鼻、香气浓郁、滋味甘美。玫瑰花茶制作工艺为茶坯与鲜花处理、窨花拼和、起花、复火、提花。', 'hua2', 2),
(14, '雪莲花茶', '雪莲花茶产于西藏高原雪山，有高原雪山圣草、圣花之称，药用价值高。雪莲全草入药，入肝、脾、肾三经。具有通经活血、暖宫散淤、散寒除湿、强筋助阳、止血消肿的功能，使用安全，无毒副作用，主治急慢性风湿性关节炎及骨关节炎引起的关节疼痛、肺寒咳嗽、宫寒腹痛、闭经、胎衣不下、麻疹不透等症。 雪莲花茶生长习性　雪莲花生长在青藏高原，适合各种复杂气候环境;能在1℃～39℃气温植株不枯萎，15℃～25℃生长旺盛，根部-32℃可安全越冬。 雪莲花头状花序多数，密集，每序长15～25毫米;总苞片狭长倒披针形，长约12毫米，宽约2毫米，无毛，有光泽，中央草质，边缘膜质，有3条明显的纵脉;花两性，全为管状花，长约1厘米，直立，花冠管与檐部等长，裂片披针形;花药基部箭形;花柱线形。', 'hua3', 2),
(15, '铁观音', '铁观音（tiě guān yīn）茶，汉族传统名茶，属于青茶类，是中国十大名茶之一。原产于福建泉州市安溪县西坪镇，发现于1723—1735年。“铁观音”既是茶名，也是茶树品种名，铁观音茶介于绿茶和红茶之间，属于半发酵茶类，铁观音独具“观音韵”，清香雅韵，冲泡后有天然的兰花香，滋味纯浓,香气馥郁持久，有“七泡有余香之誉 ”。除具有一般茶叶的保健功能外，还具有抗衰老、抗动脉硬化、防治糖尿病、减肥健美、防治龋齿、清热降火，敌烟醒酒等功效。 铁观音含有较高的氨基酸、维生素、矿物质、茶多酚和生物碱，有多种营养和药效成分，具有养生保健的功能。于民国八年自福建安溪引进木栅区试种，分“红心铁观音”及“青心铁观音”两种，主要产区在文山期树属横张型，枝干粗硬，叶较稀松，芽少叶厚，产量不高，但制包种茶品质高，产期较青心乌龙晚。其树形稍，叶呈椭圆形，叶厚肉多。叶片平坦展开。 2014年9月18日， 包括“憩园”、“知福”等3种铁观音被检出了稀土超标。', 'wu1', 6),
(16, '大红袍', '大红袍，产于福建武夷山，属乌龙茶，品质优异。中国特种名茶。其外形条索紧结，色泽绿褐鲜润，冲泡后汤色橙黄明亮，叶片红绿相间。品质最突出之处是香气馥郁有兰花香，香高而持久，“岩韵”明显。除与一般茶叶具有提神益思，消除疲劳、生津利尿、解热防暑、杀菌消炎、解毒防病、消食去腻、减肥健美等保健功能外，还具有防癌症、降血脂、抗衰老、等特殊功效。大红袍很耐冲泡，冲泡七、八次仍有香味。品饮“大红袍”茶，必须按“工夫茶”小壶小杯细品慢饮的程式，才能真正品尝到岩茶之颠的禅茶韵味。注重活 、甘、清、香。', 'wu2', 6),
(17, '凤凰美人', '凤凰美人又名东方美人，东方美人茶是台湾独有的名茶，又名膨风茶，又因其茶芽白毫显著，又名为白毫乌龙茶，是半发酵青茶中，发酵程度最重的茶品，一般的发酵度为60%，有些则多达75-85%，故不会产生任何生菁臭味，且不苦不涩。主要产地在台湾的新竹、苗栗一带，近年台北坪林、石碇一带亦是新兴产区。东方美人茶名字的由来，据闻是英国茶商将茶献给维多利亚女王，黄澄清透的色泽与醇厚甘甜的口感，令她赞不绝口，既然来自东方福尔摩沙，就赐名“东方美人茶”了。', 'wu3', 6),
(18, '临沧普洱茶', ' 普洱茶，又名滇青茶，属于黑茶类，因原运销集散地在普洱县，故名普洱茶。 普洱茶以云南大叶种晒青茶为原料，使用亚发酵青茶制法，从发酵不同分为生茶和熟茶两种，成品分为散茶和紧压茶两类。 普洱茶讲究冲泡技巧和品饮艺术，其饮用方法丰富，既可清饮，也可混饮。普洱茶茶汤橙黄浓厚，香气高锐持久，香型独特，滋味浓醇，经久耐泡，冲泡五六次后仍有香味。 普洱茶主要产于云南省的西双版纳、临沧、普洱等地区。该地具有终年雨水充足、云雾弥漫、土层深厚、土地肥沃、无污染等优势。', 'pu1', 4),
(19, '普洱茶', ' 普洱茶，又名滇青茶，属于黑茶类，因原运销集散地在普洱县，故名普洱茶。 普洱茶以云南大叶种晒青茶为原料，使用亚发酵青茶制法，从发酵不同分为生茶和熟茶两种，成品分为散茶和紧压茶两类。 普洱茶讲究冲泡技巧和品饮艺术，其饮用方法丰富，既可清饮，也可混饮。普洱茶茶汤橙黄浓厚，香气高锐持久，香型独特，滋味浓醇，经久耐泡，冲泡五六次后仍有香味。 普洱茶主要产于云南省的西双版纳、临沧、普洱等地区。该地具有终年雨水充足、云雾弥漫、土层深厚、土地肥沃、无污染等优势。', 'pu2', 4),
(20, '西双版纳普洱茶', ' 普洱茶，又名滇青茶，属于黑茶类，因原运销集散地在普洱县，故名普洱茶。 普洱茶以云南大叶种晒青茶为原料，使用亚发酵青茶制法，从发酵不同分为生茶和熟茶两种，成品分为散茶和紧压茶两类。 普洱茶讲究冲泡技巧和品饮艺术，其饮用方法丰富，既可清饮，也可混饮。普洱茶茶汤橙黄浓厚，香气高锐持久，香型独特，滋味浓醇，经久耐泡，冲泡五六次后仍有香味。 普洱茶主要产于云南省的西双版纳、临沧、普洱等地区。该地具有终年雨水充足、云雾弥漫、土层深厚、土地肥沃、无污染等优势。', 'pu3', 4);

-- --------------------------------------------------------

--
-- 表的结构 `t_teaappliances`
--

CREATE TABLE IF NOT EXISTS `t_teaappliances` (
  `t_teaAppliancesID` int(11) NOT NULL,
  `t_teaAppliancesName` varchar(45) COLLATE utf8_unicode_ci NOT NULL COMMENT '茶具名',
  `t_teaAppIntro` varchar(45) COLLATE utf8_unicode_ci NOT NULL COMMENT '茶具的介绍',
  `t_teaAppImage` varchar(45) COLLATE utf8_unicode_ci NOT NULL COMMENT '茶具的图片\n',
  `t_teaAppliancesType_t_teaAppliancesTypeID` int(11) NOT NULL
) ENGINE=InnoDB AUTO_INCREMENT=38 DEFAULT CHARSET=utf8 COLLATE=utf8_unicode_ci;

--
-- 转存表中的数据 `t_teaappliances`
--

INSERT INTO `t_teaappliances` (`t_teaAppliancesID`, `t_teaAppliancesName`, `t_teaAppIntro`, `t_teaAppImage`, `t_teaAppliancesType_t_teaAppliancesTypeID`) VALUES
(3, '', '', 'bo1', 7),
(4, '', '', 'bo2', 7),
(5, '', '', 'bo3', 7),
(6, '', '', 'bo4', 7),
(7, '', '', 'bo5', 7),
(13, '', '', 'jin1', 9),
(14, '', '', 'jin2', 9),
(15, '', '', 'jin3', 9),
(16, '', '', 'jin4', 9),
(17, '', '', 'jin5', 9),
(18, '', '', 'tao1', 10),
(19, '', '', 'tao2', 10),
(20, '', '', 'tao3', 10),
(21, '', '', 'tao4', 10),
(22, '', '', 'tao5', 10),
(23, '', '', 'zhu1', 11),
(24, '', '', 'zhu2', 11),
(25, '', '', 'zhu3', 11),
(26, '', '', 'zhu4', 11),
(27, '', '', 'zhu5', 11),
(28, '', '', 'ci1', 8),
(29, '', '', 'ci2', 8),
(30, '', '', 'ci3', 8),
(31, '', '', 'ci4', 8),
(32, '', '', 'ci5', 8),
(33, '', '', 'zi1', 12),
(34, '', '', 'zi2', 12),
(35, '', '', 'zi3', 12),
(36, '', '', 'zi4', 12),
(37, '', '', 'zi5', 12);

-- --------------------------------------------------------

--
-- 表的结构 `t_teaappliancestype`
--

CREATE TABLE IF NOT EXISTS `t_teaappliancestype` (
  `t_teaAppliancesTypeID` int(11) NOT NULL,
  `t_teaAppTName` varchar(45) COLLATE utf8_unicode_ci NOT NULL COMMENT '茶具的类别名',
  `t_teaAppImage` varchar(45) COLLATE utf8_unicode_ci NOT NULL
) ENGINE=InnoDB AUTO_INCREMENT=13 DEFAULT CHARSET=utf8 COLLATE=utf8_unicode_ci;

--
-- 转存表中的数据 `t_teaappliancestype`
--

INSERT INTO `t_teaappliancestype` (`t_teaAppliancesTypeID`, `t_teaAppTName`, `t_teaAppImage`) VALUES
(7, '玻璃茶器', ''),
(8, '瓷器', ''),
(9, '金属茶具', ''),
(10, '陶茶具', ''),
(11, '竹木茶具', ''),
(12, '紫砂茶具', '');

-- --------------------------------------------------------

--
-- 表的结构 `t_teaceremony`
--

CREATE TABLE IF NOT EXISTS `t_teaceremony` (
  `t_teaCeremonyID` int(11) NOT NULL,
  `t_teaCeremonyName` varchar(45) COLLATE utf8_unicode_ci NOT NULL,
  `t_teaCIntroduction` varchar(2000) COLLATE utf8_unicode_ci NOT NULL COMMENT '茶艺的介绍'
) ENGINE=InnoDB AUTO_INCREMENT=13 DEFAULT CHARSET=utf8 COLLATE=utf8_unicode_ci;

--
-- 转存表中的数据 `t_teaceremony`
--

INSERT INTO `t_teaceremony` (`t_teaCeremonyID`, `t_teaCeremonyName`, `t_teaCIntroduction`) VALUES
(1, '祁门红茶茶艺', '泡茶用具： 茶船、玻璃茶壶（盖瓯或瓷壶均可）、玻璃公道壶、白瓷杯、随手泡、茶叶罐、茶巾、茶荷、茶具组（茶则、茶夹、茶漏、茶匙、茶针）。\n　　（1）温具\n　　将开水倒至壶中 , 再转注至公道壶和品茗杯中。温杯的目的是因为稍后放入茶叶冲泡热水时节不致冷热悬殊。\n　　（2）盛茶\n　　用茶则盛茶叶拨至茶荷中供赏茶。\n　　（3）置茶\n　　用茶匙将茶叶拨入壶内。\n　　（4）冲泡\n　　向杯中倾入90℃～100℃的开水， 提壶用回转法冲泡，尔后用直流法，最后用“凤凰三点头”法冲至满壶。若干有泡沫，可用左手持壶盖，由外向内撇去浮沫，加盖静置2～3分钟左右。\n　　（5）出汤\n　　将茶汤斟入公道壶中。\n　　（6）分茶\n　　将公道壶中茶汤一一倾注到各个茶杯中。\n（7）品茶\n'),
(2, '台式乌龙茶艺', '（一）茶具：紫砂壶、公道杯、品茗杯、闻香杯、茶盘、茶荷、杯托、随手泡、茶道组、茶巾、茶滤、佛手。\n \n（二）茶叶：安溪铁观音、冻顶乌龙。\n \n（三）音乐选配：《高山流水》、《春江花月夜》等古筝音乐。\n \n（四）服装搭配：中式旗袍\n\n （五）冲泡步骤： \n1、神入茶境                      2、孔雀开屏 3、倾茶入荷                      4、鉴赏佳茗 5、清泉初沸                      6、沐淋瓯杯 7、观音入宫                      8、温润乌龙 9、悬壶高冲                      10、春风拂面 11、瓯里酝香                     12、观音出宫 13、降龙行雨                     14、龙凤呈祥 15、鲤鱼翻身                     16、敬奉香茗 17、喜闻幽香                     18、初品奇茗 19、重赏余韵 \n\n（六）解说词 \n第一道程序  神入茶境 \n主泡人净手、调气、礼容，再请助泡起乐。希望古琴、箫的伴奏，给大家营造一个平静。愉悦的心境，进入茶境。\n\n 第二道程序  孔雀开屏 \n孔雀开屏以展示自己的魅力，借这道程序为大家介绍今天所用的茶具 。\n\n第三道程序 倾茶入荷 \n将茶叶从茶罐中倾入茶荷中，我将为大家冲泡的是产于福建安溪的乌龙茶——铁观音。由于它形似观音重如铁，故有铁观音之美称。\n\n 第四道程序 鉴赏佳茗 \n铁观音产自安溪县西坪，哪里的亚热带气候，酸性的土壤极其适宜茶树的生长，精心制作的优质铁观音色泽乌润，富有光泽，条索肥壮，卷曲紧结，砂绿明显。\n\n第五道程序 清泉初沸 \n沏茶择水最为重要，水质不好，会直接影响茶的色、香、味，茶圣陆羽认为泡茶之水“山水上、江水中、井水下”，冲泡铁观音，烹煮的水温需达到100摄氏度，这样最能体现铁观音独到的音韵。\n \n第六道程序 沐霖瓯杯 \n也称“热壶烫杯”，用开水将壶杯再清洗一遍，这样不仅可以清洁茶具，祛除异味。还可以提高壶温，使茶叶的色香味充分地体现出来。\n\n 第七道程序 观音入宫 \n左手拿起茶荷，右手拿起茶匙将茶叶置于壶中，一般投入壶的三分之一或二分之一为佳。\n\n 第八道程序 温润乌龙 \n又叫泼茶洗尘，往茶壶中注入沸水，并刮去泡沫，随即将茶汤倾入公道杯中，称之为温润泡。这样可以去掉茶叶的杂质、异味，使之更加纯净，同时使茶叶充分伸展。\n\n 第九道程序 悬壶高冲 \n茶叶一经温润泡后，茶汁呼之欲出，继而以开水高冲入壶中，高冲以激荡茶，冲之与壶口向平，水流不能太急，三起三落，即凤凰三点头，不急不慢，合乎中庸之道。\n\n 第十道程序 春风拂面 \n提起瓯盖，轻轻地在瓯面商绕一圈把浮在面上的泡沫刮起，然后右手提壶把瓯盖冲净。\n\n 第十一道程序 瓯里酝香 \n乌龙茶是半发酵茶，铁观音是乌龙茶中的极品，素有“绿叶红镶边，七泡有余香”之美称，具有防癌、美容抗衰老、降血脂等特殊功效。茶叶冲泡须等待一到二分钟，这样才能充分地释放出独到的香和韵，冲泡时间太短，色香味不能充分显示，时间太长则会“熟汤失味”。\n\n 第十二道程序 观音出宫 \n将泡好的茶倒入公道杯中。 \n\n第十三道程序 祥龙行雨 \n民间称为“关公巡城”，就是把茶水依次均匀地斟入闻香杯里，斟茶时应低行。\n\n 第十四道程序 龙凤呈祥 \n将品茗杯倒扣在闻香杯上。\n\n 第十五道程序 鲤鱼翻身 \n传说中鲤鱼跳过龙门就可以成仙，借此程序祝各位步步高升。\n\n 第十六道程序 敬奉香茗 \n敬茶 \n\n第十七道程序 喜闻幽香 \n好的铁观音具有天然的兰花香，深深吸一口，香气馥郁。\n\n 第十八道程序 初品奇茗 \n三口为品，徐徐下咽，细细品味，令人齿颊留香，回味无穷。\n\n 第十九道程序 崇赏余韵 \n再次嗅闻杯底余香。茶艺表演接近尾声，请大家慢慢品味，去感受卢仝七碗茶中的嘘嘘两腋清风生的神奇意境。 \n'),
(3, '绿茶茶艺', '第一道：\n\n焚香除妄念俗话说：“泡茶可修身养性，品茶如品味人生。”古今品茶都讲究要平心静气。“焚香除妄念”就是通过点燃这支香，来营造一个祥和肃穆的气氛。\n第二道：\n\n冰心去凡尘，茶致清致洁，是天涵地育的灵物，泡茶要求所用的器皿也必须至清至洁。“冰心去凡尘”就是用开水再烫一遍本来就干净的玻璃杯，做到茶杯冰清玉洁，一尘不染。\n第三道：\n\n玉壶养太和绿茶属于芽茶类，因为茶叶细嫩，若用滚烫的开水直接冲泡，会破坏茶芽中的维生素并造成熟汤失味。只宜用80摄氏度的开水。“玉壶养太和”是把开水壶中的水预先倒入瓷壶中养一会儿，使水温降至80度左右。\n第四道：\n\n清宫迎佳人苏东坡有诗云：“戏作小诗君勿笑，从来佳茗似佳人”。清宫迎佳人”就是用茶匙把茶叶投放到冰清玉洁的玻璃杯中。\n第五道：\n\n甘露润莲心好的绿茶外观如莲心，乾隆皇帝把茶叶称为“润心莲”。“甘露润莲心”就是再开泡前先向杯中注入少许热水，起到润茶的作用。\n第六道：\n\n凤凰三点头冲破绿茶时也讲究高冲水，在冲水时水壶有节奏地三起三落，好比是凤凰向客人点头致意。\n第七道：\n\n碧玉沉清江冲入热水后，茶先是浮在水面上，而后慢慢沉入杯底，我们称之为“碧玉沉清江”。\n第八道：\n\n观音捧玉瓶佛教故事是中传说观音菩萨场捧着一个白玉净瓶，净瓶中的甘露可消灾祛病，救苦救难。茶艺小姐把泡好的茶敬奉给客人，我们称之为“观音捧玉品”，意在祝福好人们一生平安。\n第九道：\n\n春波展旗枪这道程序是绿茶茶艺的特色程序。杯中的热水如春波荡漾，在热水的浸泡下，茶芽慢慢地舒展开来，尖尖的叶芽如枪，展开的叶片如旗。一芽一叶的称为旗枪，一芽两叶的称为“雀舌”。在品绿茶之前先观赏在清碧澄净的茶水中，千姿百态的茶芽在玻璃杯中随波晃动，好像生命的绿精灵在舞蹈十分生动有趣。\n第十道：\n\n慧心悟茶香品绿茶要一看、二闻、三品味，在欣赏“春波展旗枪”之后，要闻一闻茶香。绿茶与花茶、乌龙茶不同，它的茶香更加清幽淡雅，必须用心灵去感悟，才能够闻到那春天的气息，以及清醇悠远、难以言传的生命之香。\n第十一道：\n\n淡中品致味绿茶的茶汤清纯甘鲜，淡而有味，它虽然不像红茶那样浓艳醇厚，也不像乌龙茶那样岩韵醉人，但是只要你用心去品，就一定能从淡淡的绿茶香中品出天地间至清、至醇、至真、至美的韵味来。\n第十二道：\n\n自斟乐无穷瓶茶有三乐，一曰：独品得神，一个人面对青山绿水或高雅的茶室，通过品茗，心驰宏宇，神交自然，物我两忘，此一乐也；二曰：对品得趣。两个知心朋友相对品茗，或无须多言即心有灵犀一点通，或推心置腹述衷肠，此亦一乐也；三曰：众品得慧。孔子曰：“三人行有我师”众人相聚品茶，互相沟通，相互启迪，可以学到许多书本上学不道德知识，这同样是一大乐事。在品了头道茶后，请嘉宾自己泡茶，以便通过实践，从茶事活动中去感受修身养性、品味人生的无穷乐趣。\n'),
(12, '普洱茶茶艺', '         赏\n一赏茶。主人先简述普洱茶的文化特点，以激发宾客的情趣，然后将少许普洱茶珍品置于洁白的小盘中，引导宾客 观赏形、色、香，挑动大家的饮茶欲望。\n二赏茶具。通常将茶壶、茶杯、茶盘一色配套，以增其美感。茶具一般选用紫砂茶具或名窑瓷器，有些则使用翡翠之类的豪华杯具，这些是根据家庭经济情况而决定的。\n三赏茶艺。女主人先用开水冲洗茶具，此为“出浴”。这样做既清洁了茶具，又提高茶具温度，以利茶汁浸出。然后，将小盘中的茶投入壶中，再将刚沸的开水（俗称“鱼眼水”）迅速冲入至大半壶，并立即加盖静置片刻后，稍加摇动，使茶中可溶物溶解于水，此为“翻龙”。 启盖，再缓缓向壶内冲入开水至八分满，覆盖之。此为“添寿”。接着，将茶盘中的茶杯按人数，排列成一定的形状，再将壶中茶汤，按一定的顺序分别斟入茶杯中至八分满。这里有很严格的规矩：必须按从上到下、从左到右的顺序，来回三巡斟至八分满。此为“开屏”。\n从上述三赏、四艺中可以看出：“迎宾茶”的“赏”字诀里，暗含深奥的哲理。客人刚入门，必定气血流动激烈、心火旺盛，此时饮下稍带寒性的热茶，寒性必定和心火相冲，而茶汤的热气，又会导致身体大量流汗。如果客人身体虚弱，则会经不起这般体内折腾而病倒。所以，“三赏”的过程，既可以使客人体内的气血、心火得到调节，又可以使客人享受到浓郁的“茶文化”，还可以炫耀主人的文化修养。\n\n        敬\n由女主人手捧茶盘，按长幼辈份或社会地位，依次敬茶示礼。敬茶时，执礼人要先将茶盘搁在茶几上，然后，双手母、食两指捏住杯口沿，将杯置于几上，还必须说道：“请喝茶！”。如果受礼人是晚辈或社会地位低于敬茶人，则必须左手托住杯底、右手食、中两指压住杯盖接过，并说道：“谢茶！”整个敬茶的过程，表现出了浓厚的人情礼节。女主人不在家时，则要由家中晚辈成年女子执礼。如家里恰好没有可以执礼的女性，那么，客人就享受不到这道茶饮了，因为“迎宾茶”的三赏、四艺还暗喻妇道之三从四德。所以，不能由女佣或男子代替执礼。\n\n\n          品\n这时，是客人向主人表现文化修养了。端起茶杯，不能一饮而尽。 一般是先微揭杯盖，深闻茶香并须加以赞叹，继而浅啜一口徐徐咽下，细细品味，再次赞叹。接着，可以大喝一口，（但不能将杯中茶汤喝尽）还须再赞叹一次。因为执礼人还站在一旁，等着听客人对她的茶艺作评价呢。经过客人的“一闻三赞”后，执礼人便茶上二巡。此时，“迎宾茶”的礼仪也就告一段落了。其后，女佣或男主人都可以提壶斟茶。客人也可以随意喝，但是，也不能喝得见杯底。\n\n       包装\n普洱茶特别是型茶由于其特殊的后发酵及运输的需 要其外包装较其它茶类有它特别的包装型式形成了自 已独特的包装"文化".\n七子饼茶包装：七子饼茶形似圆月，是云南自古以来传境的出口品种，畅销港澳和东 南亚一带．相传，古时民族地区，多作为彩礼和逢年过节赠送亲友，祝贺家人团聚．七子为多子，多孙，多富贵之意,有的民族地区，儿女亲事，非送七子饼茶不可．相传至今，旅居东南亚一带的侨胞，现在也很盛行．所以，七子饼茶又名侨销圆茶，侨销七子 饼茶．七子饼茶系宋代“龙凤团茶”演变而成，民国初期云南开始生产侨销．1957年由勐海茶厂生产，系由普洱茶蒸压塑形而成，直径20厘米，中心厚2．5厘米，边厚1厘 米．每个净重357克．其传统包装共分为三层,\n1成茶用绵纸包裹,\n2七个成饼作一扎用竹苈 皮外包.\n3每扎作一垛再加竹筐包装.在普洱型茶的加工过程中,为验明正身各厂家一般均作自己的标实,通常用两种，内行称为内外飞,内飞一般为3厘米见方在压制前放于茶 内面上加工后能明显外露,但一般会有破损,外飞既为包裹在成茶外的绵纸，上一般均有 各家字号商标等,特别值得一提的是一般在内外飞处均不注明生产日期,这可能由于其后 发酝工艺而留给商家抄作的需求吧？\n\n   普洱茶艺“四言口诀”\n1、百鹤沐浴（润杯）：用开水洗净茶具；\n2、普洱入宫（落茶）：把普洱放入茶具，放茶量约占茶具容量的五分；\n3、洁净拂尘（洗茶）：用滚水冲泡普洱茶，冲刷掉上面粘着的灰尘杂质;\n4、悬壶高冲（冲茶）：把滚开的水提高冲入茶壶或盖瓯，使茶叶转动；\n5、春风拂面（乱沫）：用壶盖或瓯盖轻轻刮去漂浮的白泡沫，使其清新洁净；\n6、关公巡城（倒茶）：把泡一、二分钟后的茶水依次巡回注入并列的茶杯里；\n7、韩信点兵（点茶）：茶水倒到少许时要一点一点均匀地滴到各茶杯里；\n8、鉴赏汤色（看茶）：观尝杯中茶水的颜色；\n9、吕啜甘霖（喝茶）：乘热细啜，先嗅其香，后尝其味，边啜边嗅，浅斟细饮。饮量虽不多，但能齿颊留香，唯底回甘，心旷神怡，别有情趣；确乃一种生活艺术享受。\n\n');

-- --------------------------------------------------------

--
-- 表的结构 `t_teahistoty`
--

CREATE TABLE IF NOT EXISTS `t_teahistoty` (
  `t_teaHistotyID` int(11) NOT NULL,
  `t_teaHistotyIntro` varchar(2000) COLLATE utf8_unicode_ci NOT NULL COMMENT '茶的历史'
) ENGINE=InnoDB AUTO_INCREMENT=2 DEFAULT CHARSET=utf8 COLLATE=utf8_unicode_ci;

--
-- 转存表中的数据 `t_teahistoty`
--

INSERT INTO `t_teahistoty` (`t_teaHistotyID`, `t_teaHistotyIntro`) VALUES
(1, '茶文化从广义上讲，分茶的自然科学和茶的人文科学两方面，是指人类社会历史实践过程中所创造的与茶有关的物质财富和精神财富的总和。从狭义上讲，着重于茶的人文科学，主要指茶对精神和社会的功能。由于茶的自然科学已形成独立的体系，因而，现在常讲的茶文化偏重于人文科学。\n　 1、三国以前的茶文化启蒙 很多书籍把茶的发现时间定为公元前2737-2697年，其历史可推到三皇五帝。东汉华佗《食经》中：“苦茶久食，益意思”记录了茶的医学价值。西汉以将茶的产地县命名为“荼陵”，即湖南的茶陵。到三国魏代《广雅》中已最早记载了饼茶的制法和饮用：荆巴间采叶作饼，叶老者饼成，以米膏出之。茶以物质形式出现而渗透至其他人文科学而形成茶文化。\n　　2 晋代、南北朝茶文化的萌芽 随着文人饮茶之兴起，有关茶的诗词歌赋日渐问世，茶已经脱离作为一般形态的饮食走入文化圈，起着一定的精神、社会作用。\n　　3 唐代茶文化的形成 780年陆羽著《茶经》，是唐代茶文化形成的标志。其概括了茶的自然和人文科学双重内容，探讨了饮茶艺术，把儒、道、佛三教融入饮茶中，首创中国茶道精神。以后又出现大量茶书、茶诗，有《茶述》、《煎茶水记》、《采茶记》、《十六汤品》等。唐代茶文化的形成与禅教的兴起有关，因茶有提神益思，生精止渴功能，故寺庙崇尚饮茶，在寺院周围植茶树，制定茶礼、设茶堂、选茶头，专呈茶事活动。在唐代形成的中国茶道分宫廷茶\n道、寺院茶礼、文人茶道。4 、宋代茶文化的兴盛 宋代茶业已有很大发展，推动了茶叶文化的发展，在文人中出现了专业品茶社团，有官员组成的“汤社”、佛教徒的“千人社”等 。宋太祖赵匡胤是位嗜茶之士，在宫庭中设立茶事机关，宫廷用茶已分等级。茶仪已成礼制，赐茶已成皇帝笼络大臣、眷怀亲族的重要手段，还赐给国外使节。至于下层社会，茶文化更是生机活泼，有人迁徙，邻里要“献茶”、有客来，要敬“元宝茶”，定婚时要：“下茶”，结婚时要“定茶”，同房时要“合茶”。民间斗茶风起，带来了采制烹点的一系列变化。\n　　5 明、清茶文化的普及 此时已出现蒸青、炒青、烘青等各茶类，茶的饮用已改成“撮泡法”，明代不少文人雅士留有传世之作，如唐伯虎的《烹茶画卷》、《品茶图》，文徵明的《惠山茶会记》、《陆羽烹茶图》、《品茶图》等。茶类的增多，泡茶的技艺有别，茶具的款式、质地、花纹千姿百态。到清朝茶叶出口已成一种正式行业，茶书、茶事、茶诗不计其数。\n　　6 现代茶文化的发展 新中国成立后，我国茶叶从1949的年产7500T发展到1998年的60余万T。茶物质财富的大量增加为我国茶文化的发展提供了坚实的基础，1982年，在杭州成立了第一个以宏扬茶文化为宗旨的社会团体--“茶人之家”，1983年湖北成立“陆羽茶文化研究会”，1990年“中国茶人联谊会”在北京成立，1993年“中国国际茶文化研究会”在湖洲成立，1991年中国茶叶博物馆在杭州西湖乡正式开放。1998年中国国际和平茶文化交流馆建成。随着茶文化的兴起，各地茶艺馆越办越多。国际茶文化研讨会已开到第五界，吸引了日、韩、美、斯及港台地区纷纷参加。各省各市及主产茶县份份主办“茶叶节”，如福建武夷市的岩茶节、云南的普洱茶节，浙江新昌、泰顺、湖北英山、河南信阳的茶叶节不胜枚举。都以茶为载体，促进全面的经济贸易发展。');

-- --------------------------------------------------------

--
-- 表的结构 `t_teascroller`
--

CREATE TABLE IF NOT EXISTS `t_teascroller` (
  `t_teaScrollerID` int(11) NOT NULL,
  `t_teaScrollerImage` varchar(45) COLLATE utf8_unicode_ci NOT NULL COMMENT 'scroller 的图片\n',
  `t_teaScrollerIsHome` tinyint(1) NOT NULL
) ENGINE=InnoDB AUTO_INCREMENT=5 DEFAULT CHARSET=utf8 COLLATE=utf8_unicode_ci;

--
-- 转存表中的数据 `t_teascroller`
--

INSERT INTO `t_teascroller` (`t_teaScrollerID`, `t_teaScrollerImage`, `t_teaScrollerIsHome`) VALUES
(1, 'homeScrollerImage1', 1),
(2, 'homeScrollerImage2', 1),
(3, 'homeScrollerImage3', 1),
(4, 'homeScrollerImage4', 1);

-- --------------------------------------------------------

--
-- 表的结构 `t_teatype`
--

CREATE TABLE IF NOT EXISTS `t_teatype` (
  `t_teaTypeID` int(11) NOT NULL,
  `t_teaTypeName` varchar(45) COLLATE utf8_unicode_ci NOT NULL COMMENT '茶的种类\n'
) ENGINE=InnoDB AUTO_INCREMENT=7 DEFAULT CHARSET=utf8 COLLATE=utf8_unicode_ci;

--
-- 转存表中的数据 `t_teatype`
--

INSERT INTO `t_teatype` (`t_teaTypeID`, `t_teaTypeName`) VALUES
(1, '绿茶'),
(2, '花茶'),
(3, '红茶'),
(4, '普洱茶'),
(5, '白茶'),
(6, '乌龙茶');

-- --------------------------------------------------------

--
-- 表的结构 `t_user`
--

CREATE TABLE IF NOT EXISTS `t_user` (
  `t_userID` int(11) NOT NULL,
  `t_userName` varchar(45) COLLATE utf8_unicode_ci NOT NULL,
  `t_userPhone` varchar(45) COLLATE utf8_unicode_ci NOT NULL,
  `t_userAge` int(11) NOT NULL,
  `t_userSex` varchar(45) COLLATE utf8_unicode_ci NOT NULL,
  `t_userPassword` varchar(45) COLLATE utf8_unicode_ci NOT NULL,
  `t_Nickname` varchar(45) COLLATE utf8_unicode_ci NOT NULL COMMENT '用户昵称',
  `t_userImage` varchar(45) COLLATE utf8_unicode_ci NOT NULL
) ENGINE=InnoDB AUTO_INCREMENT=76 DEFAULT CHARSET=utf8 COLLATE=utf8_unicode_ci;

--
-- 转存表中的数据 `t_user`
--

INSERT INTO `t_user` (`t_userID`, `t_userName`, `t_userPhone`, `t_userAge`, `t_userSex`, `t_userPassword`, `t_Nickname`, `t_userImage`) VALUES
(1, '余鑫', '18119601479', 20, '男', '123456', 'Iceo', 'userimage1'),
(2, '吕陈', '18110393253', 22, '男', '123123', 'lc', 'userimage2'),
(3, '王志远', '12332112345', 21, '男', '1111', '王卷', 'userimage3'),
(37, '12345678911', '12345678911', 18, '不详', '123456', '12345678911', ''),
(38, '12345678910', '12345678910', 18, '不详', '123', '12345678910', ''),
(43, '18100000000', '18100000000', 18, '不详', '1000', '18100000000', ''),
(45, '15262498664', '15262498664', 18, '不详', '123456', '15262498664', ''),
(46, '12312312321', '12312312321', 18, '不详', '111', '12312312321', ''),
(48, '12312312543', '12312312543', 18, '不详', '111', '12312312543', ''),
(50, '45645612312', '45645612312', 18, '不详', '123', '45645612312', ''),
(51, '56456412345', '56456412345', 18, '不详', '12', '56456412345', ''),
(52, '12312312312', '12312312312', 18, '不详', '12', '12312312312', ''),
(54, '32536363333', '32536363333', 18, '不详', '363', '32536363333', ''),
(55, '65445612312', '65445612312', 18, '不详', '123456', '65445612312', ''),
(56, '69696969696', '69696969696', 18, '不详', '258', '69696969696', ''),
(57, '23523363364', '23523363364', 18, '不详', '646', '23523363364', ''),
(58, '45646848964', '45646848964', 18, '不详', '123', '45646848964', ''),
(59, '45612378912', '45612378912', 18, '不详', '654', '45612378912', ''),
(60, '12315123151', '12315123151', 18, '不详', '123', 'yy', ''),
(61, '15615615612', '15615615612', 18, '不详', '123', '15615615612', ''),
(62, '51515151511', '51515151511', 18, '不详', '1', '51515151511', ''),
(64, '12345678965', '12345678965', 18, '不详', '123', '12345678965', ''),
(65, '12457812450', '12457812450', 18, '不详', '123', '12457812450', ''),
(66, '12345654321', '12345654321', 18, '不详', '123', '12345654321', ''),
(70, '123qwe12312', '123qwe12312', 18, '不详', '123', '123qwe12312', ''),
(72, 'qweqweqweqw', 'qweqweqweqw', 18, '不详', '123', 'qweqweqweqw', ''),
(73, '98798798798', '98798798798', 18, '不详', '123', '98798798798', ''),
(75, 'asdasdasdas', 'asdasdasdas', 18, '不详', 'asd', 'asdasdasdas', '');

-- --------------------------------------------------------

--
-- 表的结构 `t_usercomment`
--

CREATE TABLE IF NOT EXISTS `t_usercomment` (
  `t_usercommentID` int(11) NOT NULL,
  `t_usercommentTitle` varchar(45) COLLATE utf8_unicode_ci NOT NULL COMMENT '评论的标题',
  `t_usercommentContent` varchar(200) COLLATE utf8_unicode_ci NOT NULL COMMENT '评论的内容',
  `t_usercommentMoment` varchar(45) COLLATE utf8_unicode_ci NOT NULL COMMENT '评论的时间',
  `t_user_t_userID` int(11) NOT NULL,
  `t_shopthird_t_shopthirdID` int(11) NOT NULL
) ENGINE=InnoDB AUTO_INCREMENT=28 DEFAULT CHARSET=utf8 COLLATE=utf8_unicode_ci;

--
-- 转存表中的数据 `t_usercomment`
--

INSERT INTO `t_usercomment` (`t_usercommentID`, `t_usercommentTitle`, `t_usercommentContent`, `t_usercommentMoment`, `t_user_t_userID`, `t_shopthird_t_shopthirdID`) VALUES
(1, '龙井(狮峰)的评论', '龙井茶很正宗,味道很好!!!', '2015-09-10', 1, 1),
(2, '西湖龙井(龙井)评论', '西湖龙井(龙井) 茶的味道不错 值得推荐!!!', '2015-10-10', 1, 2),
(3, '西湖龙井(五云山)评论', '西湖龙井(五云山) 茶的看上去样子太挫了,味道还好', '2015-10-10', 1, 3),
(4, '碧螺春评论', '碧螺春 真心好茶 值得这个价钱 强力推荐', '2015-10-10', 1, 4),
(7, '信阳毛尖评论', '信阳毛尖 毛线啊 这什么破茶  怎么着味道', '2015-10-11', 1, 7),
(8, '沩山毛尖评论', '沩山毛尖 是不是假茶啊 怎么颜色这么怪', '2015-10-3', 1, 8),
(9, '都均毛尖评论', '都均毛尖 这么好的茶还是第一次喝到呢', '2015-10-5', 1, 9),
(10, '祁红香螺评论', '汤色呈现出由一点点深的橙黄色，颜色比较明亮，香味特征属于明显的花果甜香，给人一种鲜活灵动的感觉，不闷，并且香气高扬。茶汤入口便有淡淡的微甜的甘醇感受，并且滋味鲜爽，入喉时感觉比较润滑', '2015-10-16', 1, 10),
(11, '祁红香螺评论', '叶片呈均匀的褐红色，叶片比较肥壮，柔软，泛着油亮的光，说明发酵均匀且充分。美中不足的是略带粗老叶片。', '2015-10-10', 2, 10),
(12, '阿萨姆红茶', '茶的味道很浓郁，茶的汤色很好，盒子也很漂亮，快递包装的很仔细，一点都没有损坏，很喜欢，下次买茶一定还会再来的。', '2015-10-10', 3, 13),
(13, '阿萨姆红茶', '味道挺纯正的，家人也喜欢喝 ，喝完了再买点。', '2015-10-10', 2, 13),
(17, '', 'qweqweqwe', '', 1, 2),
(18, '', 'qweqweqwe', '2015-09-14', 1, 2),
(20, '', '', '', 1, 1),
(21, '', '', '', 1, 1),
(22, '', 'nihao', '', 1, 1),
(23, '', 'bucuo', '', 1, 2),
(24, '', 'wocaleo', '', 1, 2),
(25, '', 'ewt', '', 1, 10),
(26, '', 'rer', '', 1, 1),
(27, '', 'rer', '', 1, 1);

-- --------------------------------------------------------

--
-- 表的结构 `t_userorder`
--

CREATE TABLE IF NOT EXISTS `t_userorder` (
  `t_userOrderID` int(11) NOT NULL,
  `t_userOrderTitle` varchar(45) COLLATE utf8_unicode_ci NOT NULL COMMENT '订单的标题\n',
  `t_order_t_orderID` int(11) NOT NULL,
  `t_user_t_userID` int(11) NOT NULL,
  `t_shopGoods_t_shopGoodsID` int(11) NOT NULL,
  `t_userComment_t_userCommentID` int(11) NOT NULL
) ENGINE=InnoDB AUTO_INCREMENT=4 DEFAULT CHARSET=utf8 COLLATE=utf8_unicode_ci;

--
-- 转存表中的数据 `t_userorder`
--

INSERT INTO `t_userorder` (`t_userOrderID`, `t_userOrderTitle`, `t_order_t_orderID`, `t_user_t_userID`, `t_shopGoods_t_shopGoodsID`, `t_userComment_t_userCommentID`) VALUES
(1, '龙井茶', 1, 1, 1, 1),
(2, '毛尖', 1, 2, 2, 1),
(3, '1rw', 1, 1, 2, 2);

--
-- Indexes for dumped tables
--

--
-- Indexes for table `t_account`
--
ALTER TABLE `t_account`
  ADD PRIMARY KEY (`t_AccountID`),
  ADD KEY `fk_t_Account_t_user1_idx` (`t_user_t_userID`);

--
-- Indexes for table `t_address`
--
ALTER TABLE `t_address`
  ADD PRIMARY KEY (`t_addressID`),
  ADD KEY `fk_t_address_t_user1_idx` (`t_user_t_userID`);

--
-- Indexes for table `t_buyordercar`
--
ALTER TABLE `t_buyordercar`
  ADD PRIMARY KEY (`t_buyordercarID`),
  ADD KEY `t_buyordercar_t_userID` (`t_user_t_userID`),
  ADD KEY `t_buyordercar_t_shopthirdID` (`t_shopthird_t_shopthirdID`);

--
-- Indexes for table `t_commentimage`
--
ALTER TABLE `t_commentimage`
  ADD PRIMARY KEY (`t_commentimageID`),
  ADD KEY `fk_t_commentimage_t_usercomment_idx` (`t_usercomment_t_usercommentID`);

--
-- Indexes for table `t_deliverytype`
--
ALTER TABLE `t_deliverytype`
  ADD PRIMARY KEY (`t_DeliveryTypeID`);

--
-- Indexes for table `t_feedbacktype`
--
ALTER TABLE `t_feedbacktype`
  ADD PRIMARY KEY (`t_feedbackTypeID`);

--
-- Indexes for table `t_image`
--
ALTER TABLE `t_image`
  ADD PRIMARY KEY (`t_imageID`),
  ADD KEY `fk_t_image_t_shopthird_idx` (`t_shopthird_t_shopthirdID`);

--
-- Indexes for table `t_noticet`
--
ALTER TABLE `t_noticet`
  ADD PRIMARY KEY (`t_NoticetID`);

--
-- Indexes for table `t_order`
--
ALTER TABLE `t_order`
  ADD PRIMARY KEY (`t_orderID`),
  ADD KEY `fk_t_order_t_user1_idx` (`t_userID`),
  ADD KEY `fk_t_order_t_address1_idx` (`t_address_t_addressID`),
  ADD KEY `fk_t_order_t_DeliveryType1_idx` (`t_DeliveryType_t_DeliveryTypeID`),
  ADD KEY `fk_t_order_t_shopthird1_idx` (`t_shopthird_t_shopthirdID`) USING BTREE;

--
-- Indexes for table `t_paytype`
--
ALTER TABLE `t_paytype`
  ADD PRIMARY KEY (`t_payTypeID`);

--
-- Indexes for table `t_shopcategory`
--
ALTER TABLE `t_shopcategory`
  ADD PRIMARY KEY (`t_shopCategoryID`);

--
-- Indexes for table `t_shopcollection`
--
ALTER TABLE `t_shopcollection`
  ADD PRIMARY KEY (`t_shopCollectionID`),
  ADD KEY `fk_t_shopCollection_t_user1_idx` (`t_user_t_userID`),
  ADD KEY `fk_t_shopCollection_t_shopGoods1_idx` (`t_shopGoods_t_shopGoodsID`);

--
-- Indexes for table `t_shopfeedback`
--
ALTER TABLE `t_shopfeedback`
  ADD PRIMARY KEY (`t_shopFeedbackID`),
  ADD KEY `fk_t_shopFeedback_t_feedbackType1_idx` (`t_feedbackType_t_feedbackTypeID`);

--
-- Indexes for table `t_shopgoods`
--
ALTER TABLE `t_shopgoods`
  ADD PRIMARY KEY (`t_shopGoodsID`),
  ADD KEY `fk_t_shopGoods_t_shopCtegory_idx` (`t_shopCtegory_t_shopCategoryID`);

--
-- Indexes for table `t_shopthird`
--
ALTER TABLE `t_shopthird`
  ADD PRIMARY KEY (`t_shopthirdID`),
  ADD KEY `fk_t_shopthird_t_shopGoods_idx` (`t_shopGoods_t_shopGoodsID`) USING BTREE;

--
-- Indexes for table `t_shoptopay`
--
ALTER TABLE `t_shoptopay`
  ADD PRIMARY KEY (`t_shopToPayID`),
  ADD KEY `fk_t_shopToPay_t_user1_idx` (`t_user_t_userID`),
  ADD KEY `fk_t_shopToPay_t_shopGoods1_idx` (`t_shopGoods_t_shopGoodsID`);

--
-- Indexes for table `t_shoptoreceipt`
--
ALTER TABLE `t_shoptoreceipt`
  ADD PRIMARY KEY (`t_shopToReceiptID`),
  ADD KEY `fk_t_shopToReceipt_t_user1_idx` (`t_user_t_userID`),
  ADD KEY `fk_t_shopToReceipt_t_shopGoods1_idx` (`t_shopGoods_t_shopGoodsID`);

--
-- Indexes for table `t_tea`
--
ALTER TABLE `t_tea`
  ADD PRIMARY KEY (`t_teaID`),
  ADD KEY `fk_t_tea_t_teaType1_idx` (`t_teaType_t_teaTypeID`);

--
-- Indexes for table `t_teaappliances`
--
ALTER TABLE `t_teaappliances`
  ADD PRIMARY KEY (`t_teaAppliancesID`),
  ADD KEY `fk_t_teaAppliances_t_teaAppliancesType1_idx` (`t_teaAppliancesType_t_teaAppliancesTypeID`);

--
-- Indexes for table `t_teaappliancestype`
--
ALTER TABLE `t_teaappliancestype`
  ADD PRIMARY KEY (`t_teaAppliancesTypeID`);

--
-- Indexes for table `t_teaceremony`
--
ALTER TABLE `t_teaceremony`
  ADD PRIMARY KEY (`t_teaCeremonyID`);

--
-- Indexes for table `t_teahistoty`
--
ALTER TABLE `t_teahistoty`
  ADD PRIMARY KEY (`t_teaHistotyID`);

--
-- Indexes for table `t_teascroller`
--
ALTER TABLE `t_teascroller`
  ADD PRIMARY KEY (`t_teaScrollerID`);

--
-- Indexes for table `t_teatype`
--
ALTER TABLE `t_teatype`
  ADD PRIMARY KEY (`t_teaTypeID`);

--
-- Indexes for table `t_user`
--
ALTER TABLE `t_user`
  ADD PRIMARY KEY (`t_userID`),
  ADD UNIQUE KEY `t_userPhone` (`t_userPhone`);

--
-- Indexes for table `t_usercomment`
--
ALTER TABLE `t_usercomment`
  ADD PRIMARY KEY (`t_usercommentID`),
  ADD KEY `fk_t_usercomment_t_user1_idx` (`t_user_t_userID`) USING BTREE,
  ADD KEY `fk_t_usercomment_t_shopthird_idx` (`t_shopthird_t_shopthirdID`);

--
-- Indexes for table `t_userorder`
--
ALTER TABLE `t_userorder`
  ADD PRIMARY KEY (`t_userOrderID`),
  ADD KEY `fk_t_userOrder_t_order1_idx` (`t_order_t_orderID`),
  ADD KEY `fk_t_userOrder_t_user1_idx` (`t_user_t_userID`),
  ADD KEY `fk_t_userOrder_t_shopGoods1_idx` (`t_shopGoods_t_shopGoodsID`),
  ADD KEY `fk_t_userOrder_t_userComment1_idx` (`t_userComment_t_userCommentID`);

--
-- AUTO_INCREMENT for dumped tables
--

--
-- AUTO_INCREMENT for table `t_account`
--
ALTER TABLE `t_account`
  MODIFY `t_AccountID` int(11) NOT NULL AUTO_INCREMENT COMMENT '账户表',AUTO_INCREMENT=44;
--
-- AUTO_INCREMENT for table `t_address`
--
ALTER TABLE `t_address`
  MODIFY `t_addressID` int(11) NOT NULL AUTO_INCREMENT,AUTO_INCREMENT=4;
--
-- AUTO_INCREMENT for table `t_buyordercar`
--
ALTER TABLE `t_buyordercar`
  MODIFY `t_buyordercarID` int(11) NOT NULL AUTO_INCREMENT,AUTO_INCREMENT=19;
--
-- AUTO_INCREMENT for table `t_commentimage`
--
ALTER TABLE `t_commentimage`
  MODIFY `t_commentimageID` int(11) NOT NULL AUTO_INCREMENT,AUTO_INCREMENT=5;
--
-- AUTO_INCREMENT for table `t_deliverytype`
--
ALTER TABLE `t_deliverytype`
  MODIFY `t_DeliveryTypeID` int(11) NOT NULL AUTO_INCREMENT,AUTO_INCREMENT=2;
--
-- AUTO_INCREMENT for table `t_feedbacktype`
--
ALTER TABLE `t_feedbacktype`
  MODIFY `t_feedbackTypeID` int(11) NOT NULL AUTO_INCREMENT,AUTO_INCREMENT=4;
--
-- AUTO_INCREMENT for table `t_image`
--
ALTER TABLE `t_image`
  MODIFY `t_imageID` int(11) NOT NULL AUTO_INCREMENT,AUTO_INCREMENT=113;
--
-- AUTO_INCREMENT for table `t_noticet`
--
ALTER TABLE `t_noticet`
  MODIFY `t_NoticetID` int(11) NOT NULL AUTO_INCREMENT,AUTO_INCREMENT=2;
--
-- AUTO_INCREMENT for table `t_order`
--
ALTER TABLE `t_order`
  MODIFY `t_orderID` int(11) NOT NULL AUTO_INCREMENT,AUTO_INCREMENT=120;
--
-- AUTO_INCREMENT for table `t_paytype`
--
ALTER TABLE `t_paytype`
  MODIFY `t_payTypeID` int(11) NOT NULL AUTO_INCREMENT,AUTO_INCREMENT=2;
--
-- AUTO_INCREMENT for table `t_shopcategory`
--
ALTER TABLE `t_shopcategory`
  MODIFY `t_shopCategoryID` int(11) NOT NULL AUTO_INCREMENT,AUTO_INCREMENT=7;
--
-- AUTO_INCREMENT for table `t_shopcollection`
--
ALTER TABLE `t_shopcollection`
  MODIFY `t_shopCollectionID` int(11) NOT NULL AUTO_INCREMENT COMMENT '商品收藏',AUTO_INCREMENT=3;
--
-- AUTO_INCREMENT for table `t_shopfeedback`
--
ALTER TABLE `t_shopfeedback`
  MODIFY `t_shopFeedbackID` int(11) NOT NULL AUTO_INCREMENT,AUTO_INCREMENT=2;
--
-- AUTO_INCREMENT for table `t_shopgoods`
--
ALTER TABLE `t_shopgoods`
  MODIFY `t_shopGoodsID` int(11) NOT NULL AUTO_INCREMENT,AUTO_INCREMENT=23;
--
-- AUTO_INCREMENT for table `t_shopthird`
--
ALTER TABLE `t_shopthird`
  MODIFY `t_shopthirdID` int(11) NOT NULL AUTO_INCREMENT,AUTO_INCREMENT=56;
--
-- AUTO_INCREMENT for table `t_shoptopay`
--
ALTER TABLE `t_shoptopay`
  MODIFY `t_shopToPayID` int(11) NOT NULL AUTO_INCREMENT COMMENT '待支付',AUTO_INCREMENT=2;
--
-- AUTO_INCREMENT for table `t_shoptoreceipt`
--
ALTER TABLE `t_shoptoreceipt`
  MODIFY `t_shopToReceiptID` int(11) NOT NULL AUTO_INCREMENT COMMENT '待收货',AUTO_INCREMENT=2;
--
-- AUTO_INCREMENT for table `t_tea`
--
ALTER TABLE `t_tea`
  MODIFY `t_teaID` int(11) NOT NULL AUTO_INCREMENT,AUTO_INCREMENT=21;
--
-- AUTO_INCREMENT for table `t_teaappliances`
--
ALTER TABLE `t_teaappliances`
  MODIFY `t_teaAppliancesID` int(11) NOT NULL AUTO_INCREMENT,AUTO_INCREMENT=38;
--
-- AUTO_INCREMENT for table `t_teaappliancestype`
--
ALTER TABLE `t_teaappliancestype`
  MODIFY `t_teaAppliancesTypeID` int(11) NOT NULL AUTO_INCREMENT,AUTO_INCREMENT=13;
--
-- AUTO_INCREMENT for table `t_teaceremony`
--
ALTER TABLE `t_teaceremony`
  MODIFY `t_teaCeremonyID` int(11) NOT NULL AUTO_INCREMENT,AUTO_INCREMENT=13;
--
-- AUTO_INCREMENT for table `t_teahistoty`
--
ALTER TABLE `t_teahistoty`
  MODIFY `t_teaHistotyID` int(11) NOT NULL AUTO_INCREMENT,AUTO_INCREMENT=2;
--
-- AUTO_INCREMENT for table `t_teascroller`
--
ALTER TABLE `t_teascroller`
  MODIFY `t_teaScrollerID` int(11) NOT NULL AUTO_INCREMENT,AUTO_INCREMENT=5;
--
-- AUTO_INCREMENT for table `t_teatype`
--
ALTER TABLE `t_teatype`
  MODIFY `t_teaTypeID` int(11) NOT NULL AUTO_INCREMENT,AUTO_INCREMENT=7;
--
-- AUTO_INCREMENT for table `t_user`
--
ALTER TABLE `t_user`
  MODIFY `t_userID` int(11) NOT NULL AUTO_INCREMENT,AUTO_INCREMENT=76;
--
-- AUTO_INCREMENT for table `t_usercomment`
--
ALTER TABLE `t_usercomment`
  MODIFY `t_usercommentID` int(11) NOT NULL AUTO_INCREMENT,AUTO_INCREMENT=28;
--
-- AUTO_INCREMENT for table `t_userorder`
--
ALTER TABLE `t_userorder`
  MODIFY `t_userOrderID` int(11) NOT NULL AUTO_INCREMENT,AUTO_INCREMENT=4;
--
-- 限制导出的表
--

--
-- 限制表 `t_account`
--
ALTER TABLE `t_account`
  ADD CONSTRAINT `fk_t_Account_t_user1` FOREIGN KEY (`t_user_t_userID`) REFERENCES `t_user` (`t_userID`) ON DELETE NO ACTION ON UPDATE NO ACTION;

--
-- 限制表 `t_address`
--
ALTER TABLE `t_address`
  ADD CONSTRAINT `fk_t_address_t_user1` FOREIGN KEY (`t_user_t_userID`) REFERENCES `t_user` (`t_userID`) ON DELETE NO ACTION ON UPDATE NO ACTION;

--
-- 限制表 `t_buyordercar`
--
ALTER TABLE `t_buyordercar`
  ADD CONSTRAINT `t_buyordercar_t_shopthirdID` FOREIGN KEY (`t_shopthird_t_shopthirdID`) REFERENCES `t_shopthird` (`t_shopthirdID`),
  ADD CONSTRAINT `t_buyordercar_t_userID` FOREIGN KEY (`t_user_t_userID`) REFERENCES `t_user` (`t_userID`);

--
-- 限制表 `t_commentimage`
--
ALTER TABLE `t_commentimage`
  ADD CONSTRAINT `fk_t_commentimage_t_usercomment` FOREIGN KEY (`t_usercomment_t_usercommentID`) REFERENCES `t_usercomment` (`t_usercommentID`);

--
-- 限制表 `t_image`
--
ALTER TABLE `t_image`
  ADD CONSTRAINT `fk_t_image_t_shopthird` FOREIGN KEY (`t_shopthird_t_shopthirdID`) REFERENCES `t_shopthird` (`t_shopthirdID`);

--
-- 限制表 `t_order`
--
ALTER TABLE `t_order`
  ADD CONSTRAINT `fk_t_order_t_DeliveryType1` FOREIGN KEY (`t_DeliveryType_t_DeliveryTypeID`) REFERENCES `t_deliverytype` (`t_DeliveryTypeID`) ON DELETE NO ACTION ON UPDATE NO ACTION,
  ADD CONSTRAINT `fk_t_order_t_address1` FOREIGN KEY (`t_address_t_addressID`) REFERENCES `t_address` (`t_addressID`) ON DELETE NO ACTION ON UPDATE NO ACTION,
  ADD CONSTRAINT `fk_t_order_t_shopthird1` FOREIGN KEY (`t_shopthird_t_shopthirdID`) REFERENCES `t_shopthird` (`t_shopthirdID`),
  ADD CONSTRAINT `fk_t_order_t_user1` FOREIGN KEY (`t_userID`) REFERENCES `t_user` (`t_userID`) ON DELETE NO ACTION ON UPDATE NO ACTION;

--
-- 限制表 `t_shopcollection`
--
ALTER TABLE `t_shopcollection`
  ADD CONSTRAINT `fk_t_shopCollection_t_shopGoods1` FOREIGN KEY (`t_shopGoods_t_shopGoodsID`) REFERENCES `t_shopgoods` (`t_shopGoodsID`) ON DELETE NO ACTION ON UPDATE NO ACTION,
  ADD CONSTRAINT `fk_t_shopCollection_t_user1` FOREIGN KEY (`t_user_t_userID`) REFERENCES `t_user` (`t_userID`) ON DELETE NO ACTION ON UPDATE NO ACTION;

--
-- 限制表 `t_shopfeedback`
--
ALTER TABLE `t_shopfeedback`
  ADD CONSTRAINT `fk_t_shopFeedback_t_feedbackType1` FOREIGN KEY (`t_feedbackType_t_feedbackTypeID`) REFERENCES `t_feedbacktype` (`t_feedbackTypeID`) ON DELETE NO ACTION ON UPDATE NO ACTION;

--
-- 限制表 `t_shopgoods`
--
ALTER TABLE `t_shopgoods`
  ADD CONSTRAINT `fk_t_shopGoods_t_shopCtegory` FOREIGN KEY (`t_shopCtegory_t_shopCategoryID`) REFERENCES `t_shopcategory` (`t_shopCategoryID`) ON DELETE NO ACTION ON UPDATE NO ACTION;

--
-- 限制表 `t_shopthird`
--
ALTER TABLE `t_shopthird`
  ADD CONSTRAINT `t_shopGoods_t_shopGoodsID` FOREIGN KEY (`t_shopGoods_t_shopGoodsID`) REFERENCES `t_shopgoods` (`t_shopGoodsID`);

--
-- 限制表 `t_shoptopay`
--
ALTER TABLE `t_shoptopay`
  ADD CONSTRAINT `fk_t_shopToPay_t_shopGoods1` FOREIGN KEY (`t_shopGoods_t_shopGoodsID`) REFERENCES `t_shopgoods` (`t_shopGoodsID`) ON DELETE NO ACTION ON UPDATE NO ACTION,
  ADD CONSTRAINT `fk_t_shopToPay_t_user1` FOREIGN KEY (`t_user_t_userID`) REFERENCES `t_user` (`t_userID`) ON DELETE NO ACTION ON UPDATE NO ACTION;

--
-- 限制表 `t_shoptoreceipt`
--
ALTER TABLE `t_shoptoreceipt`
  ADD CONSTRAINT `fk_t_shopToReceipt_t_shopGoods1` FOREIGN KEY (`t_shopGoods_t_shopGoodsID`) REFERENCES `t_shopgoods` (`t_shopGoodsID`) ON DELETE NO ACTION ON UPDATE NO ACTION,
  ADD CONSTRAINT `fk_t_shopToReceipt_t_user1` FOREIGN KEY (`t_user_t_userID`) REFERENCES `t_user` (`t_userID`) ON DELETE NO ACTION ON UPDATE NO ACTION;

--
-- 限制表 `t_tea`
--
ALTER TABLE `t_tea`
  ADD CONSTRAINT `fk_t_tea_t_teaType1` FOREIGN KEY (`t_teaType_t_teaTypeID`) REFERENCES `t_teatype` (`t_teaTypeID`) ON DELETE NO ACTION ON UPDATE NO ACTION;

--
-- 限制表 `t_teaappliances`
--
ALTER TABLE `t_teaappliances`
  ADD CONSTRAINT `fk_t_teaAppliances_t_teaAppliancesType1` FOREIGN KEY (`t_teaAppliancesType_t_teaAppliancesTypeID`) REFERENCES `t_teaappliancestype` (`t_teaAppliancesTypeID`) ON DELETE NO ACTION ON UPDATE NO ACTION;

--
-- 限制表 `t_usercomment`
--
ALTER TABLE `t_usercomment`
  ADD CONSTRAINT `fk_t_usercomment_t_shopthird1` FOREIGN KEY (`t_shopthird_t_shopthirdID`) REFERENCES `t_shopthird` (`t_shopthirdID`) ON DELETE NO ACTION ON UPDATE NO ACTION,
  ADD CONSTRAINT `fk_t_usercomment_t_user1` FOREIGN KEY (`t_user_t_userID`) REFERENCES `t_user` (`t_userID`);

--
-- 限制表 `t_userorder`
--
ALTER TABLE `t_userorder`
  ADD CONSTRAINT `fk_t_userOrder_t_order1` FOREIGN KEY (`t_order_t_orderID`) REFERENCES `t_order` (`t_orderID`) ON DELETE NO ACTION ON UPDATE NO ACTION,
  ADD CONSTRAINT `fk_t_userOrder_t_shopGoods1` FOREIGN KEY (`t_shopGoods_t_shopGoodsID`) REFERENCES `t_shopgoods` (`t_shopGoodsID`) ON DELETE NO ACTION ON UPDATE NO ACTION,
  ADD CONSTRAINT `fk_t_userOrder_t_user1` FOREIGN KEY (`t_user_t_userID`) REFERENCES `t_user` (`t_userID`) ON DELETE NO ACTION ON UPDATE NO ACTION,
  ADD CONSTRAINT `fk_t_userOrder_t_userComment1` FOREIGN KEY (`t_userComment_t_userCommentID`) REFERENCES `t_usercomment` (`t_usercommentID`) ON DELETE NO ACTION ON UPDATE NO ACTION;
--
-- Database: `test`
--

/*!40101 SET CHARACTER_SET_CLIENT=@OLD_CHARACTER_SET_CLIENT */;
/*!40101 SET CHARACTER_SET_RESULTS=@OLD_CHARACTER_SET_RESULTS */;
/*!40101 SET COLLATION_CONNECTION=@OLD_COLLATION_CONNECTION */;
